"DESCRIPTION","NAME","OFFERID","PICTURE","PRICE","URL"
"шток 1/2"",320 N/m,6,5атм,2,5кг.","Пневматический гайковерт Sumake ST 5540","3990","https://www.enkor24.ru/u/images/products/18/18bfde0705bcae58dde0f3f6db32cc4a290e7322.jpg","6550.0","https://www.enkor24.ru/product/3990-pnevmaticheskij-gajkovert-sumake-st-5540"
"18.0 В XR бесщеточный импульсный шуруповерт 6-гранный держатель 1/4"" 400 Вт 205 Нм 0-3250 об./мин. 0-3800 уд./мин. тройн","Аккумуляторный импульсный шуруповерт 18.0 В XR DEWALT DCF887N-XJ","95440","https://www.enkor24.ru/u/images/products/7e/7e7d6989163f3dbeaf73fa32c89bc773500ca661.png","13080.0","https://www.enkor24.ru/product/95440-akkumulyatornyj-impulsnyj-shurupovert-18-0-v-xr-dewalt-dcf887n-xj"
"Аккумуляторный гайковерт Bosch GDS 250-LI 0.601.9G6.120 предназначен для монтажа/демонтажа строительных лесов, установки","Аккумуляторный гайковерт Bosch GDS 250-LI Professional (0 601 9G6 120)","98654","https://www.enkor24.ru/u/images/products/94/94247ef85b2ed4e9975134d64c4564c9bfd906bc.jpg","32600.0","https://www.enkor24.ru/product/98654-akkumulyatornyj-gajkovert-bosch-gds-250-li-professional-0-601-9g6-120"
"Ударный пневмогайковерт PATRIOT PN 312 830902040 подходит для закручивания крепежных элементов. Наличие удара и крутящий","Ударный пневмогайковерт PATRIOT PN 312 (830902040)","100320","https://www.enkor24.ru/u/images/products/b5/b5563c3027db325b4f5a6ded241c0ea6bc914093.jpg","3380.0","https://www.enkor24.ru/product/100320-udarnyj-pnevmogajkovert-patriot-pn-312-830902040"
"Винтоверт Elitech ВУ 250РЭ работает с винтами М6-М12. Наличие реверса упрощает выведение застрявшего в материале сверла.","Винтоверт ударный Elitech ВУ 250РЭ","110979","https://www.enkor24.ru/u/images/products/04/046e7816f795de0ef19770409427e3f00aa64b88.jpg","4350.0","https://www.enkor24.ru/product/110979-vintovert-udarnyj-elitech-vu-250re"
"Аккумуляторный гайковерт Bosch GDX 180-LI 0.601.9G5.220 используется в ремонтных и слесарных мастерских. Имеет надежную ","Гайковерт аккумуляторный 1/2' Bosch GDX 180-LI Professional (0 601 9G5 223)","111167","https://www.enkor24.ru/u/images/products/b4/b4183e1702b69713d242d0b4a5e7efec7c595954.jpg","19450.0","https://www.enkor24.ru/product/111167-gajkovert-akkumulyatornyj-1-2-bosch-gdx-180-li-professional-0-601-9g5-223"
"Импульсный шуруповерт Dewalt 12 В XR DCF801D2 предназначен для монтажа и демонтажа резьбовых соединений. Три скорости по","Гайковерт аккумуляторный DEWALT 12 В XR (DCF801D2-QW)","113605","https://www.enkor24.ru/u/images/products/a3/a3d6dfc0a4daa26ad4f3451da57e7e918f2e418e.jpg","19668.0","https://www.enkor24.ru/product/113605-gajkovert-akkumulyatornyj-dewalt-12-v-xr-dcf801d2-qw"
"Дрель Makita 6408 - инструмент мощностью 530 Вт. Возможна регулировка частоты вращения - для работы с разными материалам","Дрель безударная Makita 6408","4338","https://www.enkor24.ru/u/images/products/3d/3d12bdc596bb42a457ce5cca01be4862c05a6caf.jpg","11100.0","https://www.enkor24.ru/product/4338-drel-bezudarnaya-makita-6408"
"1900об/мин,115 л/мин, патрон 10мм,6атм, вес1,1кг","Угловая пневмодрель Sumake ST-7260/4435","33387","https://www.enkor24.ru/u/images/products/c5/c55423b858dec072b5de9b111a8a298a4f2053ba.jpg","11250.0","https://www.enkor24.ru/product/33387-uglovaya-pnevmodrel-sumake-st-7260-4435"
"Ударная дрель Makita HP1630K имеет два режима работы: сверление с ударом и без. Переключение между ними осуществляется п","Ударная дрель Makita HP1630K","57923","https://www.enkor24.ru/u/images/products/bd/bde4b45fea3f6cb8bc200283a0dbe2ac7d005efc.jpg","7300.0","https://www.enkor24.ru/product/57923-udarnaya-drel-makita-hp1630k"
"Дрель Bosch GBM 6 RE 0.601.472.600 - компактный и легкий инструмент с высокой скоростью сверления. Электронная система о","Дрель безударная BOSCH GBM 6 RE Professional (0 601 472 600)","70028","https://www.enkor24.ru/u/images/products/d9/d91b8f3a443b4053fbc72511c52e84a4bce9532b.png","5550.0","https://www.enkor24.ru/product/70028-drel-bezudarnaya-bosch-gbm-6-re-professional-0-601-472-600"
"Дрель-миксер Энкор ДМЭ-1200/16ЭР 50099 предназначена для сверления отверстий и перемешивания строительных смесей. Увелич","Дрель-миксер Энкор ДМЭ-1200/16ЭР (50099)","82937","https://www.enkor24.ru/u/images/products/56/5684648f2916c670e92bce5d50cd6838d143bf79.jpg","6200.0","https://www.enkor24.ru/product/82937-drel-mikser-enkor-dme-1200-16er-50099"
"Бесщеточная ударная дрель-шуруповерт Dewalt DCD796P2 снабжена быстрозажимным патроном, что экономит время на смену оснас","Аккумуляторная ударная дрель-шуруповерт DeWalt (DCD796P2-QW)","83116","https://www.enkor24.ru/u/images/products/98/98c75d12b543eb453cd488b0a0f18ff5da5627b6.jpg","37550.0","https://www.enkor24.ru/product/83116-akkumulyatornaya-udarnaya-drel-shurupovert-dewalt-dcd796p2-qw"
"","Ударная дрель Metabo SBEV 1000-2 VTC (600783500)","86168","https://www.enkor24.ru/u/images/products/ca/ca10d1cf53345319f2a099d90482049f0925ce45.jpg","20999.0","https://www.enkor24.ru/product/86168-udarnaya-drel-metabo-sbev-1000-2-vtc-600783500"
"","Ударная дрель Metabo SBE 760 SP (600841000)","86171","https://www.enkor24.ru/u/images/products/38/38a4f986fd09eb1603f8fe1bedb32a6116a522e7.jpg","11499.0","https://www.enkor24.ru/product/86171-udarnaya-drel-metabo-sbe-760-sp-600841000"
"Аккумуляторная дрель-шуруповерт PATRIOT BR 180Li-h 180301460 оснащена мощным японским электродвигателем Mabuchi, который","Аккумуляторная дрель-шуруповерт PATRIOT BR 180Li-h (180301460)","97728","https://www.enkor24.ru/u/images/products/db/db3fe3f83634beeed57a7b4b54c32397f80309f1.jpg","9490.0","https://www.enkor24.ru/product/97728-akkumulyatornaya-drel-shurupovert-patriot-br-180li-h-180301460"
"Электрическая дрель PATRIOT FD 450 120301410 предназначена для сверления в мягких материалов и монтажа гаек и болтов. На","Дрель безударная PATRIOT FD 450 (120301410)","97866","https://www.enkor24.ru/u/images/products/70/708eb96722698bb0a1b3db404a7004bef73fc800.png","3490.0","https://www.enkor24.ru/product/97866-drel-bezudarnaya-patriot-fd-450-120301410"
"Электрическая дрель PATRIOT FD 500 120301420 с быстрозажимным патроном может использоваться для сверления отверстий в ме","Дрель безударная PATRIOT FD 500 (120301420)","97867","https://www.enkor24.ru/u/images/products/1a/1af4c6bb1ccd69393c6173bcb3eaa4dd0a2180b4.jpg","3690.0","https://www.enkor24.ru/product/97867-drel-bezudarnaya-patriot-fd-500-120301420"
"Ударная дрельHikoki DV16VSSNSZ - легкий - всего 1.5 кг и компактный инструмент. Двигатель с мощностью 600 Вт и числом об","Дрель ударная Hikoki DV16VSSNSZ (зубчато-венцовый патрон)","100286","https://www.enkor24.ru/u/images/products/29/292d05f00d0674ec81b4be431456bf95a7b394eb.jpg","5099.0","https://www.enkor24.ru/product/100286-drel-udarnaya-hikoki-dv16vssnsz-zubchato-vencovyj-patron"
"Аккумуляторная дрель-шуруповерт Вихрь ДА-18Л-2КУ/Б 72/14/23 подойдет для ремонтных работ в домашних условиях. Рукоятка с","Аккумуляторная дрель-шуруповерт Вихрь ДА-18Л-2КУ/Б (72/14/23)","113923","https://www.enkor24.ru/u/images/products/8c/8c26fa0971f60ed439ae34e9e92200acbb21bcd0.jpg","7290.0","https://www.enkor24.ru/product/113923-akkumulyatornaya-drel-shurupovert-vixr-da-18l-2ku-b-72-14-23"
"","Перфоратор BOSCH GBH 2-26 DRE Professional (0 611 253 708)","9902","https://www.enkor24.ru/u/images/products/f7/f7770bfca2159ceec7cbb41dbcc223869c749cd8.jpg","15850.0","https://www.enkor24.ru/product/9902-perforator-bosch-gbh-2-26-dre-professional-0-611-253-708"
"","Перфоратор Metabo KHE 3250 (600637000)","50120","https://www.enkor24.ru/u/images/products/af/af898a551a98c2d2ab530e069d450e74c1a43c90.jpg","30599.0","https://www.enkor24.ru/product/50120-perforator-metabo-khe-3250-600637000"
"","Перфоратор Metabo KHE 2444 (606154510)","83801","https://www.enkor24.ru/u/images/products/dd/dd4dd2fa479165b33d45468c52f1d4d7223385b1.jpg","14600.0","https://www.enkor24.ru/product/83801-perforator-metabo-khe-2444-606154510"
"","Перфоратор Hikoki DH40MEYNSZ","96726","https://www.enkor24.ru/u/images/products/39/394af29f0bbc2cd131c62eb5dfd49797f5306e76.jpg","46999.0","https://www.enkor24.ru/product/96726-perforator-hikoki-dh40meynsz"
"","Перфоратор PATRIOT RH 280 (140301363)","97774","https://www.enkor24.ru/u/images/products/f5/f54c37010235dc21a244ad54eeb77d0c0e4f346d.jpg","7390.0","https://www.enkor24.ru/product/97774-perforator-patriot-rh-280-140301363"
"","Перфоратор PATRIOT RH 360 (140301368)","97885","https://www.enkor24.ru/u/images/products/6c/6ce5f28636e278deced20e4826ff120a553a04a9.jpg","8290.0","https://www.enkor24.ru/product/97885-perforator-patriot-rh-360-140301368"
"Пневматический гайковерт Sumake 5540 K предназначен для работ с крепежом (откручивание и закручивание болтов и гаек). В ","Пневматический гайковерт Sumake ST 5540 К","3989","https://www.enkor24.ru/u/images/products/95/95fb90c485679b791ae6f622e31e321c30f871ba.jpg","9850.0","https://www.enkor24.ru/product/3989-pnevmaticheskij-gajkovert-sumake-st-5540-k"
"Ударный пневмогайковерт FUBAG IW1600 100198 справляется с крепежными работами намного быстрее, чем любой сетевой или акк","Ударный пневмогайковерт Fubag IWC 1600 (100198)","86322","https://www.enkor24.ru/u/images/products/f0/f0af22350f35f4085c717a74b2492ae62df5f0ad.png","21800.0","https://www.enkor24.ru/product/86322-udarnyj-pnevmogajkovert-fubag-iwc-1600-100198"
"Пневмогайковерт Garage GR-IW-315 Kit УТ-00000047 оснащен ударным механизмом, что позволяет откручивать приржавевший и за","Гайковерт пневматический 1/2 Garage GR-IW- 315","86193","https://www.enkor24.ru/u/images/products/19/1977e6ab570f1f212fb0aad0b0d273c5f270e4a3.jpg","2530.0","https://www.enkor24.ru/product/86193-gajkovert-pnevmaticheskij-1-2-garage-gr-iw-315"
"Ударная дрель-шуруповерт Dewalt DCD776S2 предназначена для сверления отверстий и закручивания/откручивания крепежа. Муфт","Аккумуляторная дрель-шуруповерт DeWalt (DCD776S2-KS)","72529","https://www.enkor24.ru/u/images/products/f4/f453212587bae537ba58da2b9c0612e068738311.jpg","16668.0","https://www.enkor24.ru/product/72529-akkumulyatornaya-drel-shurupovert-dewalt-dcd776s2-ks"
"Дрель Stanley STDH8013 работает в двух режимах: сверление с ударом и без. Корпус редуктора выполнен из металла, что увел","Ударная дрель Stanley STDH8013-RU","75444","https://www.enkor24.ru/u/images/products/ca/caf4005c09f7e7b8f240cf5bb5a0b23c92f177da.jpg","5748.0","https://www.enkor24.ru/product/75444-udarnaya-drel-stanley-stdh8013-ru"
"","Ударная дрель Metabo SBE 780-2 (600781510)","86167","https://www.enkor24.ru/u/images/products/82/825710c71a45f2b92582ed5413c85a7a23eef510.jpg","17599.0","https://www.enkor24.ru/product/86167-udarnaya-drel-metabo-sbe-780-2-600781510"
"Пневмодрель FUBAG DR142/1800 100115 предназначена для сверления отверстий. Модель работает на сжатом воздухе, что подраз","Пневмодрель FUBAG DR142/1800 100115","86993","https://www.enkor24.ru/u/images/products/ff/ffcf8b92ead843bf8d061a22937e03df9fe8e05f.jpg","2760.0","https://www.enkor24.ru/product/86993-pnevmodrel-fubag-dr142-1800-100115"
"Дрель Metabo BE 850-2 600573000 используется для создания отверстий в стали и древесине. Электроника Vario (V) позволяет","Дрель безударная Metabo BE 850-2 (600573000)","88508","https://www.enkor24.ru/u/images/products/16/165fecb49c09495ecd42beab8378045e02e071ef.jpg","21599.0","https://www.enkor24.ru/product/88508-drel-bezudarnaya-metabo-be-850-2-600573000"
"Надёжный и мощный двигатель 600 Вт Очень компактная: размером с перчатку и весом всего 1,7 кг Мягкое покрытие рукоятки с","Дрель ударная Bosch GSB 13 RE БЗП (0 601 217 1R1)","103332","https://www.enkor24.ru/u/images/products/ea/eae3cfe373bcda9c061356ec3137558e0f54ca32.jpg","4799.0","https://www.enkor24.ru/product/103332-drel-udarnaya-bosch-gsb-13-re-bzp-0-601-217-1r1"
"Дрель-шуруповерт GSB 120 LI 06019G8100 предназначена для сверления, сверления с ударом и заворачивания различных саморез","Шуруповерт аккумуляторный ударный BOSCH GSB120-LI Professional (0 601 9G8 100)","108997","https://www.enkor24.ru/u/images/products/09/09603f07662ca1a68be8bda8e2dd36c1dfe1f79d.jpg","10450.0","https://www.enkor24.ru/product/108997-shurupovert-akkumulyatornyj-udarnyj-bosch-gsb120-li-professional-0-601-9g8-100"
"","Дрель ударная Bosch GSB 570 Professional (0 601 187 0R0)","112051","https://www.enkor24.ru/u/images/products/30/3026062e551d56125950873242fef7447e532d5e.png","4599.9","https://www.enkor24.ru/product/112051-drel-udarnaya-bosch-gsb-570-professional-0-601-187-0r0"
"Дрель-миксер Вихрь Д-1000М 72/8/8 предназначена для сверления отверстий в различных материалах, а также для перемешивани","Дрель-миксер Вихрь Д-1000М (72/8/8)","113921","https://www.enkor24.ru/u/images/products/fa/fa132ba014b750835d5e59dbd30c766c3dcbc14d.jpg","5890.0","https://www.enkor24.ru/product/113921-drel-mikser-vixr-d-1000m-72-8-8"
"","Перфоратор Makita HR2470","9945","https://www.enkor24.ru/u/images/products/7e/7e671bb5b32af588521aed96316a3051be016ec9.jpg","12950.0","https://www.enkor24.ru/product/9945-perforator-makita-hr2470"
"","Перфоратор Энкор ПЭ-800/26ЭР (50117)","83031","https://www.enkor24.ru/u/images/products/ad/adf7c2d99dc8d173b3daebb333ed5061c5c6b4eb.jpg","6350.0","https://www.enkor24.ru/product/83031-perforator-enkor-pe-800-26er-50117"
"Ударный гайковерт Makita TW 0350 справляется даже со сложными задачами по выкручиванию и вкручиванию гаек. Инструмент от","Ударный гайковерт Makita TW0350","4004","https://www.enkor24.ru/u/images/products/a3/a3d247dcb61d302dd015df8690f908b5f0d6ee99.jpg","26700.0","https://www.enkor24.ru/product/4004-udarnyj-gajkovert-makita-tw0350"
"","Дрель безударная Stanley STDR5510C-RU","75448","https://www.enkor24.ru/u/images/products/59/59453c04db24a53654b6c72a2845a95ddbbbb911.jpg","3948.0","https://www.enkor24.ru/product/75448-drel-bezudarnaya-stanley-stdr5510c-ru"
"Пневмогайковерт Metabo DSSW 360 Set 1/2""+10 головок 604118500 - это комплект, предназначенный для затяжки или отвинчиван","Пневматический гайковерт Metabo DSSW 360 Set (604118500)","51650","https://www.enkor24.ru/u/images/products/47/47eff22d0021554173dccdc4151defc019ad44c4.jpg","10999.0","https://www.enkor24.ru/product/51650-pnevmaticheskij-gajkovert-metabo-dssw-360-set-604118500"
"Пневмогайковерт Metabo DRS 68 Set 1/2"" + 7 головок 604119500 предназначен для работы с высоконагруженными соединениями. ","Пневматический гайковерт Metabo DRS 68 SET (604119500)","52683","https://www.enkor24.ru/u/images/products/38/38500745913491e49b3d88938b885105ea1314fb.jpg","10299.0","https://www.enkor24.ru/product/52683-pnevmaticheskij-gajkovert-metabo-drs-68-set-604119500"
"Пневматический гайковерт Sumake ST-55444 - это устройство профессионального класса, работающее на сжатом воздухе. Примен","Ударный пневмогайковерт Sumake ST 55444","55963","https://www.enkor24.ru/u/images/products/0d/0d965ae168260b149cb4cce639db459e875fad7c.jpg","16200.0","https://www.enkor24.ru/product/55963-udarnyj-pnevmogajkovert-sumake-st-55444"
"Чрезвычайно мощный, для использования в тяжелых условиях завинчивания Работа почти без отдачи и с очень высоким крутящим","Электрический гайковерт (ударный) Metabo SSW 650 602204000","59094","https://www.enkor24.ru/u/images/products/31/310fdb14831db6b50903347558604f6dc574a0c0.jpg","44699.0","https://www.enkor24.ru/product/59094-elektricheskij-gajkovert-udarnyj-metabo-ssw-650-602204000"
"Пневматический ударный гайковерт Sumake ST-5544SH 8094970 используется для шиномонтажных работ. Алюминиевый корпус с мор","Гайковерт пневматический Sumake ST 5544SH + набор головок (8094970)","66369","https://www.enkor24.ru/u/images/products/6e/6eda4ffb749f5b6bfa2f2bcccb7c3eb5af570c0a.png","14900.0","https://www.enkor24.ru/product/66369-gajkovert-pnevmaticheskij-sumake-st-5544sh-nabor-golovok-8094970"
"Ударный пневмогайковерт FUBAG IW580 + набор головок 100191 предназначен для быстрого вкручивания/выкручивания крепежа. П","Ударный пневмогайковерт FUBAG IW580 + набор головок (100191)","76126","https://www.enkor24.ru/u/images/products/5c/5c1208418ef3d85228968c14dd73d5712b64d18d.jpg","6930.0","https://www.enkor24.ru/product/76126-udarnyj-pnevmogajkovert-fubag-iw580-nabor-golovok-100191"
"Пневмогайковерт Garage GR-IW-315 Kit УТ-00000047 оснащен ударным механизмом, что позволяет откручивать приржавевший и за","Пневматический гайковёрт Garage GR-IW 315 с набором головок (УТ-00000047)","86192","https://www.enkor24.ru/u/images/products/c5/c595b0aee348bdd2b2af90a7bda8fe333936a291.jpg","3950.0","https://www.enkor24.ru/product/86192-pnevmaticheskij-gajkovyort-garage-gr-iw-315-s-naborom-golovok-ut-00000047"
"Гайковерт ударный Garage GR-IW-687 предназначен для работы с высоконагруженными соединениями благодаря высокому крутящем","Пневматический гайковерт Garage GR-IW- 687","86194","https://www.enkor24.ru/u/images/products/9f/9f4d58f492cf5a56746a0ca440f663d5dc0775e1.jpg","5450.0","https://www.enkor24.ru/product/86194-pnevmaticheskij-gajkovert-garage-gr-iw-687"
"Ударный пневмогайковерт FUBAG IW900 100194 имеет компактную конструкция за счет отсутствия двигателя. Он предназначен дл","Ударный пневмогайковерт Fubag IWC 900 (100194)","86321","https://www.enkor24.ru/u/images/products/e0/e09036ca3a0e5fddfe6e4a0cc0c85f7261563059.jpg","7850.0","https://www.enkor24.ru/product/86321-udarnyj-pnevmogajkovert-fubag-iwc-900-100194"
"Ударный пневмогайковерт FUBAG IW580 100190 имеет компактную конструкция за счет отсутствия двигателя. Большой крутящий м","Ударный пневмогайковерт Fubag IW580 (100190)","88237","https://www.enkor24.ru/u/images/products/af/afaa0e3a1622fa40e9e79c9f0f0d71bf69826cb7.jpg","5930.0","https://www.enkor24.ru/product/88237-udarnyj-pnevmogajkovert-fubag-iw580-100190"
"Пневмогайковерт FUBAG PW312 100109 позволяет завинчивать и отвинчивать жесткие резьбовые соединения. За счет отсутствия ","Пневматический гайковерт Fubag PW 312 (100109)","91375","https://www.enkor24.ru/u/images/products/9b/9b331c2c5771547ab8c83c8d23374a9c681d0261.jpg","4430.0","https://www.enkor24.ru/product/91375-pnevmaticheskij-gajkovert-fubag-pw-312-100109"
"Ударный пневмогайковерт FUBAG IW720 + набор головок 100193 предназначен для работы с твердыми соединениями. Инструмент п","Пневматический гайковерт Fubag IW 720 (100192)","91376","https://www.enkor24.ru/u/images/products/73/73f9f36907628142f12affdc6322326480693c11.jpg","9770.0","https://www.enkor24.ru/product/91376-pnevmaticheskij-gajkovert-fubag-iw-720-100192"
"Гайковерт REMEZA R-1200 предназначен для проведения общеремонтных и шиномонтажных работ в интенсивном режиме. Благодаря ","Ударный гайковёрт Remeza R-1200 1/2"" (УТ-00000401)","93774","https://www.enkor24.ru/u/images/products/65/6517021b3160d5fd72869e03aac27e8e7515763b.jpg","10800.0","https://www.enkor24.ru/product/93774-udarnyj-gajkovyort-remeza-r-1200-1-2-ut-00000401"
"Пневмогайковерт FUBAG PWS158/312 100102 предназначен для работ с крепежами. Высокое значение крутящего момента позволяет","Пневмогайковерт FUBAG PWS158/312 (100102)","93925","https://www.enkor24.ru/u/images/products/d3/d30d2c7d5eb5f2ee48bd13bc9e1de5f589a3f6b1.jpg","5930.0","https://www.enkor24.ru/product/93925-pnevmogajkovert-fubag-pws158-312-100102"
"Аккумуляторный гайковерт Stanley SBI201D2K служит для закручивания и откручивания крепежных элементов. Комплектуется дву","Аккумуляторный ударный гайковерт Stanley SBI201D2K","95051","https://www.enkor24.ru/u/images/products/83/832cd6676fed9d1938a8ba245a1cce01eb5b3ef0.jpg","19548.0","https://www.enkor24.ru/product/95051-akkumulyatornyj-udarnyj-gajkovert-stanley-sbi201d2k"
"Ударный пневмогайковерт FUBAG IWM 2500 1"" 100275 предназначен для завинчивания и отвинчивания жестких резьбовых соединен","Ударный пневмогайковерт FUBAG IWM 2500 1"" (100275)","95896","https://www.enkor24.ru/u/images/products/1e/1e79851332b7004aab048b3c6ac9c53eefe88637.jpg","55960.0","https://www.enkor24.ru/product/95896-udarnyj-pnevmogajkovert-fubag-iwm-2500-1-100275"
"Композитный гайковерт. Мощный, с максимальным крутящим моментом 1390Hm предназначен для интенсивной условий эксплуатации","Ударный пневмогайковерт FUBAG IWM 3/4"" (100235)","95912","https://www.enkor24.ru/u/images/products/2f/2f9fb001d267a283bccc9b14c7cb1f71d2479dc1.jpg","20460.0","https://www.enkor24.ru/product/95912-udarnyj-pnevmogajkovert-fubag-iwm-3-4-100235"
"Ударный пневмогайковерт FUBAG IWC 1700 1"" 100260 оснащен фиксатором с фрикционным кольцом, что обеспечивает быструю смен","Ударный пневмогайковерт FUBAG IWC 1700 1"" (100260)","96484","https://www.enkor24.ru/u/images/products/bf/bfec50a839ad71bae47d9ab89bc0fdaa68409d1d.jpg","30480.0","https://www.enkor24.ru/product/96484-udarnyj-pnevmogajkovert-fubag-iwc-1700-1-100260"
"Аккумуляторный ударный гайковерт Metabo PowerMaxx SSD 12 601114500 предназначен для профессиональных работ. Оснащен шест","Аккумуляторный ударный гайковерт Metabo PowerMaxx SSD 12 (601114500)","98539","https://www.enkor24.ru/u/images/products/aa/aa2f945d503b96d4e46da4d22e74fd200da75e31.jpg","18599.0","https://www.enkor24.ru/product/98539-akkumulyatornyj-udarnyj-gajkovert-metabo-powermaxx-ssd-12-601114500"
"Ударный пневмогайковерт PATRIOT PN 610 830902042 используется для затяжки гаек и болтов торцевыми головками. Ударный мех","Ударный пневмогайковерт PATRIOT PN 610 (830902042)","100321","https://www.enkor24.ru/u/images/products/91/913fa5def9613ecca405b5fab9f9542e38c0b457.jpg","5450.0","https://www.enkor24.ru/product/100321-udarnyj-pnevmogajkovert-patriot-pn-610-830902042"
"Импульсный гайковерт DEWALT DCF899N предназначен для работ с высоконагруженным крепежом благодаря исключительно высокому","Гайковерт аккумуляторный 1/2' DeWalt DCF899N-XJ","101511","https://www.enkor24.ru/u/images/products/c3/c33024fc6d052cdebded070c13a0520ccf3360bf.jpg","32880.0","https://www.enkor24.ru/product/101511-gajkovert-akkumulyatornyj-1-2-dewalt-dcf899n-xj"
"Аккумуляторный ударный гайковерт Metabo PowerMaxx SSD 12 601114890 предназначен для профессиональных работ. Оснащен шест","Гайковерт аккумуляторный ударный Metabo PowerMaxx SSD 12 (601114890)","104378","https://www.enkor24.ru/u/images/products/2f/2f1f488d6d6b4ffeab748455df20c0f4b7238a04.png","10299.0","https://www.enkor24.ru/product/104378-gajkovert-akkumulyatornyj-udarnyj-metabo-powermaxx-ssd-12-601114890"
"Ударный пневмогайковерт FUBAG IW900 + набор головок 100195 используется в автосервисах, производственных цехах, ремонтны","Гайковерт пневматический Fubag IW 900 1/2"" с набором головок (100195)","104427","https://www.enkor24.ru/u/images/products/2b/2b05b9f1c1334ce7c9ce47d306795acea9c7ff92.png","9350.0","https://www.enkor24.ru/product/104427-gajkovert-pnevmaticheskij-fubag-iw-900-1-2-s-naborom-golovok-100195"
"Пневмогайковерт SUMAKE ST 55885Р 38594 предназначен для завинчивания и отвинчивания любых типов крепежей удароимпульсным","Гайковерт пневматический Sumake ST-55885Р (38591)","104659","https://www.enkor24.ru/u/images/products/29/299c5a80d83d915a9a5013fe0acb4269dead40b2.jpg","56650.0","https://www.enkor24.ru/product/104659-gajkovert-pnevmaticheskij-sumake-st-55885r-38591"
"Пневматический гайковёрт Patriot PN 1000 предназначен для работ с высоконагруженными соединениями благодаря высокому зна","Гайковерт пневматический Patriot PN1000 (830902044)","105460","https://www.enkor24.ru/u/images/products/13/13e0a79fddd5e8b9b7fc8bd311f5b3fe1772839b.jpg","7050.0","https://www.enkor24.ru/product/105460-gajkovert-pnevmaticheskij-patriot-pn1000-830902044"
"Аккумуляторный гайковерт Bosch GDS 18V-1050 H 06019J8522 представляет собой модель профессионального класса. Используетс","Аккумуляторный гайковерт Bosch GDS 18V-1050 H Professional (0 601 9J8 522)","108809","https://www.enkor24.ru/u/images/products/b8/b8556d8e90452ed98804f73ec16a6cfa24ef6fa7.png","50550.0","https://www.enkor24.ru/product/108809-akkumulyatornyj-gajkovert-bosch-gds-18v-1050-h-professional-0-601-9j8-522"
"Аккумуляторный ударный гайковерт Bosch GDX 18V-200 C 0.601.9G4.204 имеет оптимальное соотношение длины корпуса к крутяще","Аккумуляторный ударный гайковерт Bosch GDX 18V-200 C Professional (0 601 9G4 204)","108996","https://www.enkor24.ru/u/images/products/d3/d3d7a8bec63d3fc8697758221caaca02cdf3c7b9.jpg","23700.0","https://www.enkor24.ru/product/108996-akkumulyatornyj-udarnyj-gajkovert-bosch-gdx-18v-200-c-professional-0-601-9g4-204"
"Пневматический ударный гайковерт с комплектом головок (23 предмета) KING TONY 44118MP08 применяется для монтажа крепежны","Пневматический ударный гайковерт с комплектом головок (23 предмета) KING TONY (44118MP08)","109989","https://www.enkor24.ru/u/images/products/fc/fc64ed2bd3a9a57b7fd8df11818b134285e7083d.jpg","21700.0","https://www.enkor24.ru/product/109989-pnevmaticheskij-udarnyj-gajkovert-s-komplektom-golovok-23-predmeta-king-tony-44118mp08"
"Аккумуляторный гайковерт Bosch GDS 18V-1050 H 06019J8502 - профессиональный инструмент для откручивания и закручивания ш","Аккумуляторный гайковерт Bosch GDS 18V-1050 H Professional (0 601 9J8 502)","110169","https://www.enkor24.ru/u/images/products/42/42f88757740174e41030f0b2827e0189e1f9d9a9.jpg","64950.0","https://www.enkor24.ru/product/110169-akkumulyatornyj-gajkovert-bosch-gds-18v-1050-h-professional-0-601-9j8-502"
"Гайковерт GDX 18V-200 C 0615990M46 предназначен для эффективного откручивания и закручивания различного крепежа . Это са","Аккумуляторный ударный гайковерт BOSCH GDX 18V-200 C Professional (0 615 990 M46)","111168","https://www.enkor24.ru/u/images/products/7f/7f81eb462a1a57391e31294ce2c23d8d1e5b9e8a.jpg","29700.0","https://www.enkor24.ru/product/111168-akkumulyatornyj-udarnyj-gajkovert-bosch-gdx-18v-200-c-professional-0-615-990-m46"
"Ударный пневмогайковерт FUBAG IW720 100192 имеет компактную конструкцию за счет отсутствия двигателя. Функция реверса по","Ударный пневмогайковерт FUBAG IW720  1/2""  (100192)","112243","https://www.enkor24.ru/u/images/products/d6/d6f35563c37efa20ef8f92927579c7aaec3e9961.jpg","7520.0","https://www.enkor24.ru/product/112243-udarnyj-pnevmogajkovert-fubag-iw720-1-2-100192"
"Мощный ударный гайковерт Bosch с моментом 400 Нм, объединяющий в себе мощность и прочность. Самое мощное устройство в кл","Гайковерт аккумуляторный 1/2' Bosch GDS 18V-400 Professional (0 601 9K0 020)","112939","https://www.enkor24.ru/u/images/products/d0/d0778a5721fe3891376f5453c83efd4635f1f2bd.jpg","42600.0","https://www.enkor24.ru/product/112939-gajkovert-akkumulyatornyj-1-2-bosch-gds-18v-400-professional-0-601-9k0-020"
"Аккумуляторный гайковерт Makita DTW180RFE удобен при работе в местах без доступа к сети электропитания. Бесщеточный двиг","Аккумуляторный гайковерт Makita DTW180RFE","114524","https://www.enkor24.ru/u/images/products/f5/f5824b3405995ff77fc796a1f73ecbdd006eea7a.jpg","24100.0","https://www.enkor24.ru/product/114524-akkumulyatornyj-gajkovert-makita-dtw180rfe"
"Аккумуляторный ударный гайковерт Hikoki WR36DARGZ предназначен для откручивания и закручивания гаек и болтов. Выбор четы","Аккумуляторный ударный гайковерт Hikoki WR36DARGZ","114647","https://www.enkor24.ru/u/images/products/96/96b8c9fb4996f9a0e8af559be2096541db933e19.jpg","59999.0","https://www.enkor24.ru/product/114647-akkumulyatornyj-udarnyj-gajkovert-hikoki-wr36dargz"
"Модифицированная версия популярной дрели ДЭ-400ЭР/10. Электронная регулировка частоты вращения шпинделя. Регулировка час","Дрель безударная Энкор ДЭ-380ЭР/10 (50067)","4356","https://www.enkor24.ru/u/images/products/8c/8cc3d54bb471729c9851b3b005542d69037f9b5c.jpg","2270.0","https://www.enkor24.ru/product/4356-drel-bezudarnaya-enkor-de-380er-10-50067"
"Дрель Bosch GBM 10 RE 0.601.473.600 - инструмент мощностью 600 Вт. Дрель оснащена быстрозажимным патроном - для быстрой ","Дрель Bosch GBM 10 RE Professional (0 601 473 600)","4362","https://www.enkor24.ru/u/images/products/06/0665451368135c13cf08a2ef82e7f03995bcaad9.jpg","8750.0","https://www.enkor24.ru/product/4362-drel-bosch-gbm-10-re-professional-0-601-473-600"
"Дрель DeWalt DWD 014 S применяется для работ по сверлению отверстий в дереве или стали. Также может использоваться как ш","Дрель безударная DeWalt DWD014S-QS","4364","https://www.enkor24.ru/u/images/products/3a/3adc31a9af5d18c859e4e3b4efc07bccf6aa9b74.jpg","8280.0","https://www.enkor24.ru/product/4364-drel-bezudarnaya-dewalt-dwd014s-qs"
"Ударная дрель Bosch GSB 1600 RE 0.601.218.121 - инструмент для настоящих профессионалов. С ее помощью можно сверлить отв","Ударная дрель BOSCH GSB 1600 RE Professional (0 601 218 121)","7408","https://www.enkor24.ru/u/images/products/5f/5f11b5fc6ff0a37de269db9a8f7bc90706f5e6e7.jpg","8300.0","https://www.enkor24.ru/product/7408-udarnaya-drel-bosch-gsb-1600-re-professional-0-601-218-121"
"Ударная дрель DeWalt DWD 024 - инструмент для сверления отверстий в различных материалах. Функция реверса позволяет испо","Ударная дрель DeWalt DWD024-KS","7422","https://www.enkor24.ru/u/images/products/96/967d8a315b3ded3f63bcb9c76db8a4da83c57300.jpg","6780.0","https://www.enkor24.ru/product/7422-udarnaya-drel-dewalt-dwd024-ks"
"Двухскоростная ударная дрель Makita HP 2051 F имеет два режима работы - сверление и сверление с ударом. Двухскоростной р","Двухскоростная ударная дрель Makita HP 2051 F","48057","https://www.enkor24.ru/u/images/products/8a/8a935ccdf0fefbff724f3e65f88c6dbc1b076094.jpg","15800.0","https://www.enkor24.ru/product/48057-dvuxskorostnaya-udarnaya-drel-makita-hp-2051-f"
"Ударная дрель Metabo SBE 760 600841850 с двухскоростным редуктором обладает высокой эффективностью при сверлении отверст","Ударная дрель Metabo SBE 760 SP (600841850)","53017","https://www.enkor24.ru/u/images/products/6b/6b5e6af2f92929a8ac5ca2d1e64161a97c06f6d4.jpg","12499.0","https://www.enkor24.ru/product/53017-udarnaya-drel-metabo-sbe-760-sp-600841850"
"Новая ударная дрель с увеличенным эксплуатационным ресурсом. Металлический корпус редуктора. Регулировка частоты вращени","Ударная дрель Энкор ДУЭ-900ЭР/13М (50082)","54938","https://www.enkor24.ru/u/images/products/f8/f8628e1a6666a4719e160685cb6b64e1621842a4.jpg","4000.0","https://www.enkor24.ru/product/54938-udarnaya-drel-enkor-due-900er-13m-50082"
"Новая мощная ударная дрель с увеличенным эксплуатационным ресурсом Электронная регулировка частоты вращения Регулировка ","Ударная дрель Энкор ДУЭ-2 1150ЭР/13М (50092)","54939","https://www.enkor24.ru/u/images/products/de/deab299b3f73926c1fcba2459d99654fa5f03da0.jpg","5500.0","https://www.enkor24.ru/product/54939-udarnaya-drel-enkor-due-2-1150er-13m-50092"
"Ударная дрель Makita HP1631 предназначена для сверления отверстий в бетоне, дереве и металле. Модель оснащена надежным м","Ударная дрель Makita HP1631","55586","https://www.enkor24.ru/u/images/products/f8/f87713869df20be3d4014e94a3df82b5a810f866.jpg","8400.0","https://www.enkor24.ru/product/55586-udarnaya-drel-makita-hp1631"
"Мощный сверлильный станок на магните с большим ходом шпинделя для кольцевого сверления и сверления в сплошном материале.","Дрель на магнитной подошве Metabo MAG 32 (600635500)","56858","https://www.enkor24.ru/u/images/products/24/244fd290911ed1425d12fa1ca230a60a1eb1d9d3.jpg","180099.0","https://www.enkor24.ru/product/56858-drel-na-magnitnoj-podoshve-metabo-mag-32-600635500"
"Дрель DeWalt DWD112S используется для сверления отверстий в дереве и металле. Малый вес дрели способствует более комфорт","Дрель безударная DeWalt DWD112S-KS","58226","https://www.enkor24.ru/u/images/products/55/5578728c03d74e24de5943c4cb9caa28f7e0c010.jpg","8398.8","https://www.enkor24.ru/product/58226-drel-bezudarnaya-dewalt-dwd112s-ks"
"Дрель Metabo BE 10 600133810 - это профессиональный электроинструмент, сконструированный специально для выполнения легки","Дрель безударная Metabo BE 10 (600133810)","58702","https://www.enkor24.ru/u/images/products/9e/9eb64a235f3dc9a3f35a2623e31e32374031d1f5.jpg","8499.0","https://www.enkor24.ru/product/58702-drel-bezudarnaya-metabo-be-10-600133810"
"","Пневматическая дрель Sumake ST-4431С","59245","https://www.enkor24.ru/u/images/products/5d/5df717a8e5da983d04848a1eb84a9a365cf189b0.jpg","6050.0","https://www.enkor24.ru/product/59245-pnevmaticheskaya-drel-sumake-st-4431s"
"Дрель алмазного сверления Bosch GDB 180 WE Professional 0.601.189.800 оснащена мощным двухскоростным двигателем, позволя","Дрель для алмазного бурения BOSCH GDB 180 WE Professional (0 601 189 800)","68084","https://www.enkor24.ru/u/images/products/48/483b4232e9585e10fc04c8613b7e625d8900901d.jpg","140100.0","https://www.enkor24.ru/product/68084-drel-dlya-almaznogo-bureniya-bosch-gdb-180-we-professional-0-601-189-800"
"Ударная дрель Makita HP1630 предназначена для сверления отверстий в бетоне, древесине и металле. Мощный двигатель на 710","Ударная дрель Makita HP 1630","69684","https://www.enkor24.ru/u/images/products/d7/d76dd72773de15f8a7b57c409c051411cae90c3b.jpg","7300.0","https://www.enkor24.ru/product/69684-udarnaya-drel-makita-hp-1630"
"Бесщеточная ударная дрель-шуруповерт Dewalt DCD796D2 снабжена быстрозажимным патроном, благодаря чему смена оснастки не ","Аккумуляторный ударный шуруповерт DeWalt DCD796D2-QW","74904","https://www.enkor24.ru/u/images/products/d2/d285046ec91fea33420ff0e483dc859261b5b7f6.jpg","29988.0","https://www.enkor24.ru/product/74904-akkumulyatornyj-udarnyj-shurupovert-dewalt-dcd796d2-qw"
"Аккумуляторная ударная дрель-шуруповерт Stanley SCH201D2K снабжена быстрозажимным патроном, благодаря чему сменить оснас","Аккумуляторная ударная дрель-шуруповерт Stanley SCH201D2K-RU","75432","https://www.enkor24.ru/u/images/products/b1/b175a039f9d571b408d4fd868713fdfa3435ebcf.jpg","13150.0","https://www.enkor24.ru/product/75432-akkumulyatornaya-udarnaya-drel-shurupovert-stanley-sch201d2k-ru"
"Аккумуляторная ударная дрель-шуруповерт Stanley STDC18LHBK снабжена быстрозажимным патроном, что способствует простой см","Аккумуляторная ударная дрель-шуруповерт Stanley STDC18LHBK-RU","75433","https://www.enkor24.ru/u/images/products/d1/d192ec0e181bf7190d14e940c202afa971f47e4e.jpg","14680.0","https://www.enkor24.ru/product/75433-akkumulyatornaya-udarnaya-drel-shurupovert-stanley-stdc18lhbk-ru"
"Ударная дрель STANLEY SDH700 используется для сверления отверстий в металле и твердых породах дерева. Корпус выполнен из","Ударная дрель Stanley SDH700-RU","75445","https://www.enkor24.ru/u/images/products/cd/cd4b81e6d4dc3f76672d9d55f0927bf3f46bd337.png","4188.0","https://www.enkor24.ru/product/75445-udarnaya-drel-stanley-sdh700-ru"
"Дрель DeWalt DWD024S применяется для сверления отверстий в различных материалах. Есть функция реверса, поэтому дрель мож","Ударная дрель DeWalt (DWD024S-KS)","75901","https://www.enkor24.ru/u/images/products/7e/7e99a2075dd5c527c22f1dc2a94df1a3bb47ecc7.jpg","8100.0","https://www.enkor24.ru/product/75901-udarnaya-drel-dewalt-dwd024s-ks"
"Новая дрель предназначена для замены в программе электроинструментов «ЭНКОР» дрели ДУЭ-710ЭР/13 (артикул 50077). Модифиц","Ударная дрель Энкор ДУЭ-710ЭР/13М (50079)","76490","https://www.enkor24.ru/u/images/products/4e/4ef833cd758e140389e1f6646793e8f9fce17ac6.jpg","2850.0","https://www.enkor24.ru/product/76490-udarnaya-drel-enkor-due-710er-13m-50079"
"Новая дрель предназначена для замены в программе электроинструментов «ЭНКОР» дрели ДУЭ-750ЭР/13 (артикул 50080). Модифиц","Ударная дрель Энкор ДУЭ-750ЭР/13М (50081)","76491","https://www.enkor24.ru/u/images/products/34/34081360f598310becd821c8102f82f8421e9185.jpg","3330.0","https://www.enkor24.ru/product/76491-udarnaya-drel-enkor-due-750er-13m-50081"
"Аккумуляторная дрель-шуруповерт Makita HP457DWE снабжена быстрозажимным патроном, что обеспечивает простую смену оснастк","Аккумуляторная ударная дрель-шуруповерт Makita HP457DWE","76785","https://www.enkor24.ru/u/images/products/7b/7b7a8ec3fe884d4947f8f1a74a27f2778d1c225a.jpg","17300.0","https://www.enkor24.ru/product/76785-akkumulyatornaya-udarnaya-drel-shurupovert-makita-hp457dwe"
"Ударная дрель Stanley SDH600C снабжена металлическим быстрозажимным патроном, который экономит время на смену оснастки. ","Дрель ударная Stanley SDH600C-RU","87127","https://www.enkor24.ru/u/images/products/aa/aa6943f710011a55d71263b84cbb6cac7c62c846.png","4308.0","https://www.enkor24.ru/product/87127-drel-udarnaya-stanley-sdh600c-ru"
"Ударная дрель Stanley STDH8013C снабжена металлическим быстрозажимным патроном, что обеспечивает простую смену оснастки.","Ударная дрель Stanley STDH8013C-RU","87137","https://www.enkor24.ru/u/images/products/98/982a35d98a5e54641bf5353a4fb70686eb3a97d7.jpg","6580.0","https://www.enkor24.ru/product/87137-udarnaya-drel-stanley-stdh8013c-ru"
"Ударная дрель Metabo SBEV 1100-2 S 600784500 предназначена для сверления отверстий в металле, кирпиче, бетоне и древесин","Ударная дрель Metabo SBEV 1100-2 S (600784500)","92737","https://www.enkor24.ru/u/images/products/b1/b142c615442794d50350cabfbb11c8d40a82fc5f.jpg","27499.0","https://www.enkor24.ru/product/92737-udarnaya-drel-metabo-sbev-1100-2-s-600784500"
"Сверлильная машина Diam ML-102/2Н 620067 используется для работы с бетоном, кирпичом и аналогичными материалами. Констру","Сверлильная машина Diam ML-102/2Н (620067)","93873","https://www.enkor24.ru/u/images/products/44/4453fe5d3ff3be432a81f7ec48745edfbdcf56f4.jpg","21350.0","https://www.enkor24.ru/product/93873-sverlilnaya-mashina-diam-ml-102-2n-620067"
"Ударная дрель-шуруповерт Stanley SBH20D2K используется для сверления отверстий в древесине, металле, бетоне. Источником ","Аккумуляторный ударный шуруповерт STANLEY SBH20D2K-RU","95049","https://www.enkor24.ru/u/images/products/07/076e555590fbbbf1261f88ac3df6a89212545d4b.jpg","19548.0","https://www.enkor24.ru/product/95049-akkumulyatornyj-udarnyj-shurupovert-stanley-sbh20d2k-ru"
"Легкая и компактная аккумуляторная ударная дрель укороченной конструкции для универсального применения. Класс Metabo 12 ","Аккумуляторная ударная дрель-шуруповерт Metabo PowerMaxx SB 12 Solo (601076840)","95295","https://www.enkor24.ru/u/images/products/d9/d9a2d925953be29beafa50560e768d837dcbea7b.jpg","10489.0","https://www.enkor24.ru/product/95295-akkumulyatornaya-udarnaya-drel-shurupovert-metabo-powermaxx-sb-12-solo-601076840"
"Аккумуляторная ударная дрель-шуруповерт Stanley SCH121S2K подходит для профессионального использования. Помогает закручи","Шуруповерт аккумуляторный ударный STANLEY SCH121S2K-RU","97012","https://www.enkor24.ru/u/images/products/e3/e3abfaf426ceac07ce506f8fedf094e9e96116f1.jpg","8850.0","https://www.enkor24.ru/product/97012-shurupovert-akkumulyatornyj-udarnyj-stanley-sch121s2k-ru"
"Аккумуляторная дрель-шуруповерт PATRIOT BR 210Li-h UES 180301555 широко используется при строительных и монтажных работа","Аккумуляторная дрель-шуруповерт PATRIOT BR 210Li-h UES (180301555)","97731","https://www.enkor24.ru/u/images/products/c2/c2e934f84da8c09499a0f894114cb89c0ebe56d0.jpg","14490.0","https://www.enkor24.ru/product/97731-akkumulyatornaya-drel-shurupovert-patriot-br-210li-h-ues-180301555"
"Электрическая дрель-миксер PATRIOT DM 100 120301100 применяется для перемешивания строительных растворов, бетона и краск","Электрическая дрель-миксер PATRIOT DM 100 (120301100)","97759","https://www.enkor24.ru/u/images/products/11/112fe29efe4af46fc985881fcb75a739b9b4910d.jpg","5290.0","https://www.enkor24.ru/product/97759-elektricheskaya-drel-mikser-patriot-dm-100-120301100"
"Электрическая ударная дрель PATRIOT FD 600H 120301440 предназначена для сверления отверстий в металле, дереве, бетоне, к","Электрическая ударная дрель PATRIOT FD 600H (120301440)","97868","https://www.enkor24.ru/u/images/products/4e/4e9f1d3d719c4486e14728d295dc59efd8164c0d.jpg","4590.0","https://www.enkor24.ru/product/97868-elektricheskaya-udarnaya-drel-patriot-fd-600h-120301440"
"Ударная электрическая дрель PATRIOT FD750h 120301444 снабжена металлическим ключевым патроном, что гарантирует надежную ","Ударная электрическая дрель PATRIOT FD750h (120301444)","97869","https://www.enkor24.ru/u/images/products/23/23dea9920fc298e88bbba6226200b459435ae930.jpg","4990.0","https://www.enkor24.ru/product/97869-udarnaya-elektricheskaya-drel-patriot-fd750h-120301444"
"Дрель-шуруповерт GSB 180-LI 06019F8323 - это профессиональный и качественный инструмент Bosch по доступной цене. Превосх","Шуруповерт аккумуляторный ударный Bosch GSB180-LI Professional (0 601 9F8 323)","98239","https://www.enkor24.ru/u/images/products/9f/9fb93a82a02839dda79acb5cc513d8d1cb6bf080.png","17000.0","https://www.enkor24.ru/product/98239-shurupovert-akkumulyatornyj-udarnyj-bosch-gsb180-li-professional-0-601-9f8-323"
"Пневмодрель PATRIOT PD 140S 830902045 служит для сверления отверстий в различных материалах. Принцип работы на сжатом во","Дрель пневматическая Patriot PD140S (830902045)","100326","https://www.enkor24.ru/u/images/products/ab/aba2f5975122d9cd7ec924bb385b6b85e2a702b9.jpg","2250.0","https://www.enkor24.ru/product/100326-drel-pnevmaticheskaya-patriot-pd140s-830902045"
"Ударная дрель Metabo SBEV 1300-2 600785500 предназначена для сверления отверстий в различных материалах. С помощью подкл","Ударная дрель Metabo SBEV 1300-2 (600785500)","100395","https://www.enkor24.ru/u/images/products/1d/1ddb9381e64a0e7bdce9a2bb565d3c7b81ed49cb.jpg","30700.0","https://www.enkor24.ru/product/100395-udarnaya-drel-metabo-sbev-1300-2-600785500"
"Аккумуляторная дрель-шуруповерт PATRIOT BR 201UES-h 180201205 подходит как любителям, так и профессионалам. Используется","Шуруповерт аккумуляторный ударный PATRIOT BR 201UES-h (180201205)","101087","https://www.enkor24.ru/u/images/products/df/dfa31b2c22a501c170f1311562253378f0e44c1f.jpg","6690.0","https://www.enkor24.ru/product/101087-shurupovert-akkumulyatornyj-udarnyj-patriot-br-201ues-h-180201205"
"Дрель Makita DF0300 применяется для закручивания крепежа и сверления отверстий. Имеет два режима работы: высокоскоростно","Дрель безударная Makita DF 0300","101125","https://www.enkor24.ru/u/images/products/aa/aa6a04f86aa32dc8a98d17cfadf884fa80435c97.jpg","6850.0","https://www.enkor24.ru/product/101125-drel-bezudarnaya-makita-df-0300"
"Напряжение 18 В, макс. крутящий момент: мягкий 62 Нм и 136 Нм – жесткий. Бесщеточный мотор: на 50% выше эффективная мощн","Шуруповерт аккумуляторный Hikoki DS18DBL2","101507","https://www.enkor24.ru/u/images/products/af/afed7b8e20d71e4b35e8f2b4737bb227fe15232c.jpg","35999.0","https://www.enkor24.ru/product/101507-shurupovert-akkumulyatornyj-hikoki-ds18dbl2"
"Аккумуляторный ударный шуруповерт Bosch GSB 18V-50 06019H5120 применяется для закручивания крепежа, а также сверления от","Аккумуляторный ударный шуруповерт Bosch GSB 18V-50 Professional (0 601 9H5 120)","104501","https://www.enkor24.ru/u/images/products/3d/3d5cb8afd00dc9d92119619909b4ffa6ea6b9f83.jpg","21700.0","https://www.enkor24.ru/product/104501-akkumulyatornyj-udarnyj-shurupovert-bosch-gsb-18v-50-professional-0-601-9h5-120"
"Аккумуляторный бесщеточный ударный шуруповерт Bosch GSB 12V-30 06019G9120 - профессиональный инструмент, предназначенный","Аккумуляторный бесщеточный ударный шуруповерт Bosch  GSB 12V-30 Professional (0 601 9G9 120)","104829","https://www.enkor24.ru/u/images/products/54/540b6cc640149c7d2b9ef16ffae262dc39b29d82.jpg","13800.0","https://www.enkor24.ru/product/104829-akkumulyatornyj-besshhetochnyj-udarnyj-shurupovert-bosch-gsb-12v-30-professional-0-601-9g9-120"
"Ударная дрель Metabo SBE 780-2 600781000 предназначена для сверления в древесине, металле и кирпиче. Наличие быстрозажим","Ударная дрель Metabo SBE 780-2  (600781000)","105089","https://www.enkor24.ru/u/images/products/fa/fae0abd1b9830a31cc5149f5379786145252bedb.jpg","16499.0","https://www.enkor24.ru/product/105089-udarnaya-drel-metabo-sbe-780-2-600781000"
"Дрель-шуруповерт аккумуляторная 24V GREENWORKS G24DDX – это высокопроизводительный электроинструмент, предназначенный дл","Дрель-шуруповерт аккумуляторная GREENWORKS G24DDX (3703307)","108046","https://www.enkor24.ru/u/images/products/1d/1d6ac85c3a187012f08d7c9825e78d0803ac5eca.jpg","6000.0","https://www.enkor24.ru/product/108046-drel-shurupovert-akkumulyatornaya-greenworks-g24ddx-3703307"
"Ударная дрель Metabo SBE 650 600742850 применяется для сверления отверстий в различных материалах. Электронная регулиров","Ударная дрель Metabo SBE 650 (600742850)","111894","https://www.enkor24.ru/u/images/products/32/3232322ede806d8253725bc447baf203c1ce4631.jpg","4999.0","https://www.enkor24.ru/product/111894-udarnaya-drel-metabo-sbe-650-600742850"
"Ударная дрель Metabo SBE 650 600742000 применяется для сверления отверстий в различных материалах. С помощью специальног","Ударная дрель Metabo SBE 650 (600742000)","112384","https://www.enkor24.ru/u/images/products/7e/7eb6e46e6034212d6f859cb26c15cbd2696ed32d.jpg","4499.0","https://www.enkor24.ru/product/112384-udarnaya-drel-metabo-sbe-650-600742000"
"Аккумуляторная дрель-шуруповерт Ресанта ДА-24-2ЛК-У 75/14/8 применяется для сверления отверстий в древесине, металле, ки","Аккумуляторная дрель-шуруповерт Ресанта ДА-24-2ЛК-У (75/14/8)","113893","https://www.enkor24.ru/u/images/products/33/335c1e718be518d65dbf681955c41d0a2413bae6.jpg","8590.0","https://www.enkor24.ru/product/113893-akkumulyatornaya-drel-shurupovert-resanta-da-24-2lk-u-75-14-8"
"Аккумуляторная дрель-шуруповерт Вихрь ДА-18Л-2кУ 72/14/17 используется домашними мастерами для ремонтно-монтажных работ.","Аккумуляторная дрель-шуруповерт Вихрь ДА-18Л-2кУ (72/14/17)","113952","https://www.enkor24.ru/u/images/products/31/31820d4eca25d17172a2363ed5b05de11df8979f.jpg","5290.0","https://www.enkor24.ru/product/113952-akkumulyatornaya-drel-shurupovert-vixr-da-18l-2ku-72-14-17"
"Аккумуляторная дрель-шуруповерт Вихрь ДА-24Л-2кУ 72/14/19 используется домашними мастерами для ремонтно-монтажных работ.","Аккумуляторная дрель-шуруповерт Вихрь ДА-24Л-2кУ (72/14/19)","113953","https://www.enkor24.ru/u/images/products/d2/d2da45052134a575c34c434a736aca27356318fe.jpg","6790.0","https://www.enkor24.ru/product/113953-akkumulyatornaya-drel-shurupovert-vixr-da-24l-2ku-72-14-19"
"Дрель Hikoki D13VGNSZ имеет компактные габариты и малый вес. Сверлильный патрон обеспечивает быструю и легкую замену нас","Дрель Hikoki D13VGNSZ","114646","https://www.enkor24.ru/u/images/products/d4/d41d4627179df79cc45f1e84cc32cc17cf2ca9eb.jpg","11599.0","https://www.enkor24.ru/product/114646-drel-hikoki-d13vgnsz"
"Дрель-миксер Фиолент МД1-11Э - это функциональный инструмент для строительных работ. Модель успешно применяется для пере","Дрель-миксер Фиолент МД1-11Э (ИДФР298179001-К7)","115400","https://www.enkor24.ru/u/images/products/1d/1d83a42a118e35a43a2f9af8f6db18c4b813bd96.jpg","7600.0","https://www.enkor24.ru/product/115400-drel-mikser-fiolent-md1-11e-idfr298179001-k7"
"Дрель-миксер Фиолент МД2-7-РЭ ИДФР298179002-К2 – многофункциональный инструмент, используемый для перемешивания материал","Дрель-миксер Фиолент МД2-7-РЭ (ИДФР298179002-К2)","115401","https://www.enkor24.ru/u/images/products/7a/7aa48075816b2c1d5a10dbddd4c98411276fdc28.jpg","7650.0","https://www.enkor24.ru/product/115401-drel-mikser-fiolent-md2-7-re-idfr298179002-k2"
"","Перфоратор BOSCH GBH 2-26 DFR Professional (0 611 254 768)","9906","https://www.enkor24.ru/u/images/products/18/183b69b742e5f28db81cdbf8ce375a59e9dfcb5c.jpg","18700.0","https://www.enkor24.ru/product/9906-perforator-bosch-gbh-2-26-dfr-professional-0-611-254-768"
"","Перфоратор BOSCH GBH 4-32 DFR Professional (0 611 332 100)","9941","https://www.enkor24.ru/u/images/products/d3/d3a412c8eb5d5a243cef599bb77f85502ad7dda8.jpg","47650.0","https://www.enkor24.ru/product/9941-perforator-bosch-gbh-4-32-dfr-professional-0-611-332-100"
"","Перфоратор BOSCH GBH 3-28 DFR Professional (0 611 24A 000)","9950","https://www.enkor24.ru/u/images/products/39/391ced0ed9542783ab6632a0e764dc235f705f78.jpg","30850.0","https://www.enkor24.ru/product/9950-perforator-bosch-gbh-3-28-dfr-professional-0-611-24a-000"
"","Перфоратор Энкор ПЭ-870/26ЭР (50113)","9952","https://www.enkor24.ru/u/images/products/aa/aa04b134a074c8dc0310901cfc6540199627e5e6.jpg","5990.0","https://www.enkor24.ru/product/9952-perforator-enkor-pe-870-26er-50113"
"","Перфоратор Makita HR3200C","9960","https://www.enkor24.ru/u/images/products/5d/5dbb34b12fe2e622d62c4a621e0175cdd29157d9.jpg","48650.0","https://www.enkor24.ru/product/9960-perforator-makita-hr3200c"
"","Перфоратор Энкор ПЭ-1050/30ЭР (50119)","38229","https://www.enkor24.ru/u/images/products/e9/e93e420bf6871fb2a129b12f54b1463cdcd6ecaa.jpg","6480.0","https://www.enkor24.ru/product/38229-perforator-enkor-pe-1050-30er-50119"
"","Перфоратор Metabo KHE 3251(600659000)","50119","https://www.enkor24.ru/u/images/products/9e/9e5405e0bcc1abd88dd6f408cb9e049c924bfc67.jpg","32499.0","https://www.enkor24.ru/product/50119-perforator-metabo-khe-3251-600659000"
"","Перфоратор Makita HR2810","51794","https://www.enkor24.ru/u/images/products/8c/8cc73fa768070ba315798ed9e718968f49a45c41.jpg","27550.0","https://www.enkor24.ru/product/51794-perforator-makita-hr2810"
"","Перфоратор Makita HR2475","66924","https://www.enkor24.ru/u/images/products/3c/3cd9e06376c16e204d73edf0452e306b4693381a.jpg","17150.0","https://www.enkor24.ru/product/66924-perforator-makita-hr2475"
"","Перфоратор SDSmax Энкор ПЭ-1600/40Э (50133)","67158","https://www.enkor24.ru/u/images/products/b1/b1dcc3c4c3b46ffe5775f3d6e6ae7aa97e2c8208.jpg","12700.0","https://www.enkor24.ru/product/67158-perforator-sdsmax-enkor-pe-1600-40e-50133"
"","Перфоратор Энкор ПЭ-1600/50Э кейс (50134)","67159","https://www.enkor24.ru/u/images/products/bc/bc118c154cae9b44b5ae1e2fd2dae840bfa3f975.jpg","26000.0","https://www.enkor24.ru/product/67159-perforator-enkor-pe-1600-50e-kejs-50134"
"","Перфоратор Bosch GBH 12-52 D Professional (0 611 266 100)","67709","https://www.enkor24.ru/u/images/products/0f/0f9c53132d202c506064a6ff59eb493f5800461c.jpg","90950.0","https://www.enkor24.ru/product/67709-perforator-bosch-gbh-12-52-d-professional-0-611-266-100"
"","Перфоратор Makita HR2630 X7 + набор буров","70204","https://www.enkor24.ru/u/images/products/50/503da5c2a44ca4f89f294fc4f212d8ab885b2409.jpg","13700.0","https://www.enkor24.ru/product/70204-perforator-makita-hr2630-x7-nabor-burov"
"","Перфоратор DeWalt D25144K-KS","71710","https://www.enkor24.ru/u/images/products/54/5478c0960405f25d46921ebefc083ba79b1010ec.jpg","20280.0","https://www.enkor24.ru/product/71710-perforator-dewalt-d25144k-ks"
"","Перфоратор Makita HR4003C","72178","https://www.enkor24.ru/u/images/products/9f/9ff045e8305d01e3b16d8d831665d60899da2ffe.jpg","49990.0","https://www.enkor24.ru/product/72178-perforator-makita-hr4003c"
"","Перфоратор Metabo UHEV 2860-2 Quick + патрон (600713500)","74895","https://www.enkor24.ru/u/images/products/f1/f12b5e4aef7edfdc4fdff09c37034be6cfd0de94.jpg","28799.0","https://www.enkor24.ru/product/74895-perforator-metabo-uhev-2860-2-quick-patron-600713500"
"","Перфоратор BOSCH GBH 2-28 F Professional (0 611 267 600)","75169","https://www.enkor24.ru/u/images/products/9a/9aba84173d140a9ae399ebf73a5d5069bc39075b.jpg","24950.0","https://www.enkor24.ru/product/75169-perforator-bosch-gbh-2-28-f-professional-0-611-267-600"
"","Перфоратор BOSCH GBH 2-28 Professional (0 611 267 500)","75170","https://www.enkor24.ru/u/images/products/c4/c422b47991662d5b927bff93975d64e7f263f408.jpg","22100.0","https://www.enkor24.ru/product/75170-perforator-bosch-gbh-2-28-professional-0-611-267-500"
"","Перфоратор Stanley STHR202K-RU","75439","https://www.enkor24.ru/u/images/products/aa/aa8d5c8558f3b0afeb59e310fab26350dca287e6.jpg","6850.0","https://www.enkor24.ru/product/75439-perforator-stanley-sthr202k-ru"
"","Перфоратор Stanley STHR323K-RU","75443","https://www.enkor24.ru/u/images/products/95/95356c6bc553e18b171d8206ddbf74341e2a62f4.jpg","10280.0","https://www.enkor24.ru/product/75443-perforator-stanley-sthr323k-ru"
"","Перфоратор Metabo KHE 2860 Quick (600878510)","76039","https://www.enkor24.ru/u/images/products/c0/c04a3e1367a248177c2084c9866a693e1c6b9ff1.jpg","20299.0","https://www.enkor24.ru/product/76039-perforator-metabo-khe-2860-quick-600878510"
"","Перфоратор Makita HR2800","80764","https://www.enkor24.ru/u/images/products/8f/8fbc615726562e4e3335a65056ca4d4c0ed6993e.jpg","26850.0","https://www.enkor24.ru/product/80764-perforator-makita-hr2800"
"","Перфоратор BOSCH GBH 240 Professional (0 611 272 100)","82811","https://www.enkor24.ru/u/images/products/89/896507c1748ef5aebf69a0f7291dc2736f289113.png","13250.0","https://www.enkor24.ru/product/82811-perforator-bosch-gbh-240-professional-0-611-272-100"
"","Перфоратор Энкор ПЭ-850/28ЭР (50118)","83024","https://www.enkor24.ru/u/images/products/d4/d407e781cbab06fb5e433811b530ac2f9cfae0e3.jpg","7000.0","https://www.enkor24.ru/product/83024-perforator-enkor-pe-850-28er-50118"
"","Перфоратор Энкор ПЭ-780/24ЭР (50116)","83030","https://www.enkor24.ru/u/images/products/c6/c6167167969d508fda94bf534e14ba4d2d2915a6.jpg","6300.0","https://www.enkor24.ru/product/83030-perforator-enkor-pe-780-24er-50116"
"","Перфоратор BOSCH GBH 240 F Professional (0 611 273 000)","83142","https://www.enkor24.ru/u/images/products/23/235cf01638f2f39c69185a8a7960e21af1362199.jpg","16650.0","https://www.enkor24.ru/product/83142-perforator-bosch-gbh-240-f-professional-0-611-273-000"
"","Перфоратор Metabo KHE 2644 (606157510)","83805","https://www.enkor24.ru/u/images/products/03/0328b00ee87aa4bd57e2789e6598f03f213f4f60.jpg","14900.0","https://www.enkor24.ru/product/83805-perforator-metabo-khe-2644-606157510"
"","Перфоратор Metabo KHE 2860 Quick","85139","https://www.enkor24.ru/u/images/products/02/029b79df882135cf6abfc42d7e776c74ddc77685.jpg","22399.0","https://www.enkor24.ru/product/85139-perforator-metabo-khe-2860-quick"
"","Перфоратор Stanley SHR263K-RU","86458","https://www.enkor24.ru/u/images/products/07/07db4f7bd49b88adad3db851843855c0945d8880.jpg","8844.0","https://www.enkor24.ru/product/86458-perforator-stanley-shr263k-ru"
"","Перфоратор Bosch GBH 12-52 DV Professional (0 611 266 000)","87963","https://www.enkor24.ru/u/images/products/e9/e9792db20248484cb3b9147e4a1ebda234f3152a.png","101950.0","https://www.enkor24.ru/product/87963-perforator-bosch-gbh-12-52-dv-professional-0-611-266-000"
"","Перфоратор SDS+ VMX VRH-24/650E (VM510154)","95340","https://www.enkor24.ru/u/images/products/4a/4a5a6583fcc25d3670e2d3c2ecc256343d2fd06c.jpg","3600.0","https://www.enkor24.ru/product/95340-perforator-sds-vmx-vrh-24-650e-vm510154"
"","Перфоратор Hikoki DH52MENSZ","96727","https://www.enkor24.ru/u/images/products/92/92671d13e00c62fc3049bd6f985a0e7e0a20590a.jpg","62999.0","https://www.enkor24.ru/product/96727-perforator-hikoki-dh52mensz"
"","Перфоратор PATRIOT RH 160 (140301160)","97771","https://www.enkor24.ru/u/images/products/f6/f6ee480016a8fdc548daab4c8dceed21f02ce3c2.jpg","4390.0","https://www.enkor24.ru/product/97771-perforator-patriot-rh-160-140301160"
"","Перфоратор PATRIOT RH 265Q (140301330)","97772","https://www.enkor24.ru/u/images/products/53/53f6c2fa05c32b9f8703b12dd980d3ffcb1e9b38.jpg","6990.0","https://www.enkor24.ru/product/97772-perforator-patriot-rh-265q-140301330"
"","Перфоратор SDS max PATRIOT RH 400 (140301350)","97776","https://www.enkor24.ru/u/images/products/3b/3b0e9ee91a2b71c87af2c89fc6757837f0764178.jpg","21684.0","https://www.enkor24.ru/product/97776-perforator-sds-max-patriot-rh-400-140301350"
"","Перфоратор PATRIOT RH260 (140301322)","97881","https://www.enkor24.ru/u/images/products/d2/d2718513b060fe1f2a533ab91f4d8259f69e90ab.jpg","5990.0","https://www.enkor24.ru/product/97881-perforator-patriot-rh260-140301322"
"","Перфоратор PATRIOT RH 320 (140301366)","97883","https://www.enkor24.ru/u/images/products/49/4989a2dee2d2626b5b512877f0a9feecf043da20.jpg","7990.0","https://www.enkor24.ru/product/97883-perforator-patriot-rh-320-140301366"
"","Перфоратор PATRIOT RH 262Q The One (140301335)","97889","https://www.enkor24.ru/u/images/products/69/6952901a1a36b33d18e204e6bc528d0493928849.jpg","6590.0","https://www.enkor24.ru/product/97889-perforator-patriot-rh-262q-the-one-140301335"
"","Перфоратор SDS+ DeWalt D25133B-KS + сумка","104160","https://www.enkor24.ru/u/images/products/c3/c36724f5e18202793a0eff2d6a1842bef315ca42.jpg","12300.0","https://www.enkor24.ru/product/104160-perforator-sds-dewalt-d25133b-ks-sumka"
"","Перфоратор SDS+ Makita HR2630","104733","https://www.enkor24.ru/u/images/products/68/68ea377b21f709cb074c5580c23a9761590a8f81.jpg","14300.0","https://www.enkor24.ru/product/104733-perforator-sds-makita-hr2630"
"","Перфоратор SDS+ Bosch GBH 220 3 режима professional (0 611 2A6 020)","108952","https://www.enkor24.ru/u/images/products/d4/d4d5b532d2f069bb03c3bccef7458494082aa312.jpg","11650.0","https://www.enkor24.ru/product/108952-perforator-sds-bosch-gbh-220-3-rezhima-professional-0-611-2a6-020"
"","Перфоратор SDS+ Elitech П 1132ЭМ","110981","https://www.enkor24.ru/u/images/products/20/2062fc953a7e9a3711e114c35ba637cc184ca063.jpg","7650.0","https://www.enkor24.ru/product/110981-perforator-sds-elitech-p-1132em"
"","Перфоратор SDS+ Makita HR2470X20 + набор буров","111792","https://www.enkor24.ru/u/images/products/5f/5f25ac1642c1ecd6fc5135afd334c98e37da54cd.jpg","11000.0","https://www.enkor24.ru/product/111792-perforator-sds-makita-hr2470x20-nabor-burov"
"","Перфоратор SDS+  Энкор ПЭ-650/24Э (50111)","112286","https://www.enkor24.ru/u/images/products/86/861e394c49d0b5d81acf4f3fd22000ab21bd4969.jpg","4690.0","https://www.enkor24.ru/product/112286-perforator-sds-enkor-pe-650-24e-50111"
"","Перфоратор SDS+ Энкор  ПЭ-790/26Э (50112)","112287","https://www.enkor24.ru/u/images/products/78/786095a83af54220fe555bd5004ecd6999813d4e.jpg","4940.0","https://www.enkor24.ru/product/112287-perforator-sds-enkor-pe-790-26e-50112"
"","Перфоратор Stanley + патрон SHR264K-RU","115260","https://www.enkor24.ru/u/images/products/ff/ff1be40ff2e6be6779b4c760d11a4addee407dbf.jpg","9950.0","https://www.enkor24.ru/product/115260-perforator-stanley-patron-shr264k-ru"
