name,"Устройство зарядное VMX VC-10,8L (VM510441)","Устройство зарядное ЗУ-220/14,4ЛП",Зарядное устройство Энкор AccuMaster АК1830Li (49032),Устройство зарядное ЗУ-220/18ЛМ Энкор (50399),Устройство зарядное Энкор AccuMaster АК3642Li,Устройство зарядное VMX VC-18LS (VM510467),Устройство зарядное VMX VC-12L (VM510445),"Устройство зарядное ЗУ-220/10,8Л","Устройство зарядное ЗУ-220/14,4 Энкор (50352)","Устройство зарядное VMX VC-14,4LS (VM510457)","Устройство зарядное ЗУ-220/14,4Л Энкор (50398)",Устройство зарядное ЗУ-220/12Л Энкор (50397),"Устройство зарядное AL 1820 CV (14,4-18 В) Bosch (2 607 225 424)",Зарядное устройство QC80 (36 В; Li-Ion) Husqvarna (9673356-31),"Четырехканальное зарядное устройство 509, без аккумулятора КОСМОС KOC509 (407771)",Зарядное устройство G24C 24V GreenWorks (2932407),Устройство зарядное G40C 40 В Greenworks (2932507),Зарядное устройство Bosch AL1450 DV (2 607 224 701),Универсальное зарядное устройство (18-54 В) DEWALT DCB118-QW,Устройство зарядное GL 210 21VMax 2.2A UES PATRIOT (180301002) ,Устройство зарядное КОСМОС 503 без аккумулятора 8ч (3362),"Зарядное устройство 501, без аккумулятора КОСМОС KOC501 (3233)",Устройство зарядное (12 В; Li-ion) AL 1230 CV Bosch (2 607 225 134),Устройство быстрой зарядки STIHL AL 300 (4850-430-5500),Зарядное устройство 36 В Husqvarna QC330 (9670914-01),Устройство зарядное Makita DC10WA (194588-1),Зарядное устройство LC 40 (10.8 В) Metabo (627064000),Aккумуляторное зарядное устройство GAL 18V-40 Bosch (1 600 A01 9RJ),Зарядное устройство Greenworks G82C (2914707) ,Зарядное устройство Li-Ion GAL 1880 CV Bosch (1 600 A00 B8G),Быстрозарядное устройство Bosch GAL 18V-20 12V-18V 2A 220V-240V (2 607 226 281),Зарядное устройство с радио Metabo RC 12 Wild Cat Li-Ion (602113000),Устройство зарядное для Li-Ion шуруповертов PATRIOT (180201110),Устройство зарядное Li-Ion GAL 12V-40 Bosch (1 600 A01 9R3),Устройство зарядное для Li-Ion шуруповертов BR 141Li PATRIOT (180201111),Зарядное устройство быстрое G40UC4 40В Greenworks (2924107),Зарядное устройство для стеклоочистителя WV Karcher (2.633-107),"Устройство зарядное ASC 55, 12-36 В «AIR COOLED» Metabo (627044000)","Зарядное устройство DC18SF (14,4/18 В) Makita (196430-2)",Зарядное устройство XR Li-Ion (10.8 В/14.4 В/18.0 В) DEWALT DCB115-QW,Устройство зарядное Makita DC 18 SD (197006-8),"Зарядное устройство 18 В, 75 мин, 1A Stanley SC201-RU",Устройство зарядное Kress KCH 2006 ,Зарядное устройство G40C (40 В) Greenworks (2910907),Зарядное устройство (2 А*ч/ 4 А*ч; 24 В) G24C Greenworks (2903607),Устройство зарядное с радио BOSCH GPB 12V-10 Professinal (0 601 429 200),Зарядное устройство с радио BOSCH GML 50 (0 601 429 600),Зарядное устройство для аккумуляторов DC1804 Makita (193827-6),Зарядное устройство GAX 18V-30 Professional (10.8-18 В; USB) Bosch (1 600 A01 1A9),"Устройство быстрозарядное для аккумуляторов AL 2450 DV 7,2V Bosch (2 607 225 028)",Устройство зарядное AL 1130 CV (30 мин) Bosch (1 600 Z00 03L),"Зарядное устройство DC40RA XGT, 40В, быстрое Makita (191E10-9)","Зарядное устройство C 60 (12В, Ni-Cd) Metabo (627053000)",Устройство зарядное для аккумуляторов Bosch AL 60 DV (2 607 224 426),Зарядное устройство (7.2-24 В; 230 В; 0.4 А) Bosch (2 607 225 184),Зарядное устройство Makita DC1414 (193864-0),Устройство зарядное Makita DC18RC (195915-5),Зарядное устройство Li-Ion 230 В для газонокосилок Rotak Li 34; 37; 43 Bosch (2 607 225 100),Зарядное устройство для Power Max Li-ion Metabo (627306000),Зарядное устройство Bosch (2 609 007 262)
https://www.enkor24.ru/product/89698-akkumulyatornyj-trimmer-greenworks-g40lt30-2101507ua,42.86,7.14,42.86,42.86,7.14,42.86,14.29,7.14,21.43,42.86,42.86,42.86,42.86,42.86,14.29,64.29,100,7.14,35.71,42.86,14.29,14.29,42.86,35.71,42.86,42.86,42.86,42.86,57.14,42.86,42.86,42.86,42.86,42.86,42.86,100,7.14,21.43,42.86,42.86,21.43,42.86,42.86,100,64.29,42.86,42.86,21.43,42.86,21.43,42.86,85.71,21.43,21.43,21.43,21.43,21.43,42.86,42.86,42.86
https://www.enkor24.ru/product/104584-akkumulyatornyj-trimmer-greenworks-gs82bck5-2101707ub,42.86,7.14,42.86,42.86,7.14,42.86,14.29,7.14,21.43,42.86,42.86,42.86,42.86,42.86,14.29,64.29,64.29,7.14,42.86,42.86,14.29,14.29,42.86,35.71,42.86,42.86,42.86,42.86,64.29,42.86,42.86,42.86,42.86,42.86,42.86,64.29,7.14,21.43,42.86,42.86,21.43,42.86,42.86,64.29,64.29,42.86,42.86,21.43,42.86,21.43,42.86,42.86,21.43,21.43,21.43,21.43,21.43,42.86,42.86,42.86
https://www.enkor24.ru/product/90240-akkumulyatornyj-trimmer-greenworks-gd82bc-82v-2101707,42.86,7.14,42.86,42.86,7.14,42.86,14.29,7.14,21.43,42.86,42.86,42.86,42.86,42.86,14.29,64.29,64.29,7.14,42.86,42.86,14.29,14.29,42.86,35.71,42.86,42.86,42.86,42.86,64.29,42.86,42.86,42.86,42.86,42.86,42.86,64.29,7.14,21.43,42.86,42.86,21.43,42.86,42.86,64.29,64.29,42.86,42.86,21.43,42.86,21.43,42.86,42.86,21.43,21.43,21.43,21.43,21.43,42.86,42.86,42.86
https://www.enkor24.ru/product/88020-trimmer-akkumulyatornyj-stihl-fsa-45,21.43,7.14,64.29,64.29,7.14,64.29,14.29,7.14,21.43,21.43,21.43,21.43,64.29,14.29,14.29,14.29,14.29,7.14,14.29,14.29,14.29,14.29,21.43,35.71,14.29,21.43,21.43,64.29,14.29,64.29,64.29,21.43,21.43,21.43,21.43,14.29,7.14,14.29,64.29,64.29,64.29,64.29,14.29,14.29,14.29,21.43,64.29,64.29,64.29,14.29,21.43,14.29,21.43,14.29,14.29,21.43,64.29,14.29,21.43,21.43
https://www.enkor24.ru/product/96296-akkumulyatornyj-trimmer-greenworks-gd40bc-1301507,42.86,7.14,42.86,42.86,7.14,42.86,14.29,7.14,21.43,42.86,42.86,42.86,42.86,42.86,14.29,64.29,100,7.14,35.71,42.86,14.29,14.29,42.86,35.71,42.86,42.86,42.86,42.86,57.14,42.86,42.86,42.86,42.86,42.86,42.86,100,7.14,21.43,42.86,42.86,21.43,42.86,42.86,100,64.29,42.86,42.86,21.43,42.86,21.43,42.86,85.71,21.43,21.43,21.43,21.43,21.43,42.86,42.86,42.86
https://www.enkor24.ru/product/89714-akkumulyatornyj-trimmer-greenworks-gd60ltk2-2103207ua,42.86,7.14,42.86,42.86,7.14,42.86,14.29,7.14,21.43,42.86,42.86,42.86,42.86,42.86,14.29,64.29,64.29,7.14,42.86,42.86,14.29,14.29,42.86,35.71,42.86,42.86,42.86,42.86,100,42.86,42.86,42.86,42.86,42.86,42.86,64.29,7.14,21.43,42.86,42.86,21.43,42.86,42.86,64.29,64.29,42.86,42.86,21.43,42.86,21.43,42.86,42.86,21.43,21.43,21.43,21.43,21.43,42.86,42.86,42.86
https://www.enkor24.ru/product/108544-akkumulyatornyj-trimmer-greenworks-24v-2107107,42.86,7.14,42.86,42.86,7.14,42.86,14.29,7.14,21.43,42.86,42.86,42.86,42.86,35.71,14.29,100,57.14,7.14,35.71,42.86,14.29,14.29,42.86,35.71,35.71,42.86,42.86,42.86,57.14,42.86,42.86,42.86,42.86,42.86,42.86,57.14,7.14,14.29,42.86,42.86,21.43,42.86,42.86,57.14,100,42.86,42.86,21.43,42.86,64.29,42.86,35.71,21.43,64.29,64.29,21.43,21.43,35.71,42.86,42.86
https://www.enkor24.ru/product/114542-akkumulyatornyj-trimmer-huter-get-36-3li-70-1-11,42.86,7.14,42.86,42.86,7.14,42.86,14.29,7.14,21.43,42.86,42.86,42.86,42.86,85.71,14.29,42.86,35.71,7.14,35.71,42.86,14.29,14.29,42.86,35.71,85.71,42.86,42.86,42.86,35.71,42.86,42.86,42.86,42.86,42.86,42.86,35.71,7.14,64.29,42.86,42.86,21.43,42.86,42.86,35.71,42.86,42.86,42.86,21.43,42.86,21.43,42.86,35.71,21.43,21.43,21.43,21.43,21.43,85.71,42.86,42.86
https://www.enkor24.ru/product/84232-akkumulyatornyj-trimmer-husqvarna-115il-9670988-01,42.86,7.14,42.86,42.86,7.14,42.86,14.29,7.14,21.43,42.86,42.86,42.86,42.86,100,14.29,42.86,35.71,7.14,35.71,42.86,14.29,14.29,42.86,35.71,100,42.86,42.86,42.86,35.71,42.86,42.86,42.86,42.86,42.86,42.86,35.71,7.14,64.29,42.86,42.86,21.43,42.86,42.86,35.71,42.86,42.86,42.86,21.43,42.86,21.43,42.86,35.71,21.43,21.43,21.43,21.43,21.43,85.71,42.86,42.86
https://www.enkor24.ru/product/99300-trimmer-kromkorez-akkumulyatornyj-oregon-st275-gsl-610027,42.86,7.14,42.86,42.86,7.14,42.86,14.29,7.14,21.43,42.86,42.86,42.86,42.86,85.71,14.29,42.86,35.71,7.14,35.71,42.86,14.29,14.29,42.86,35.71,85.71,42.86,42.86,42.86,35.71,42.86,42.86,42.86,42.86,42.86,42.86,35.71,7.14,64.29,42.86,42.86,21.43,42.86,42.86,35.71,42.86,42.86,42.86,21.43,42.86,21.43,42.86,35.71,21.43,21.43,21.43,21.43,21.43,85.71,42.86,42.86
https://www.enkor24.ru/product/77375-akkumulyatornyj-trimmer-stihl-fsa-56-s-al-101-ak-10-4522-011-5718,42.86,7.14,42.86,42.86,7.14,42.86,14.29,7.14,21.43,42.86,42.86,42.86,42.86,85.71,14.29,42.86,35.71,7.14,35.71,42.86,14.29,14.29,42.86,57.14,85.71,42.86,42.86,42.86,35.71,42.86,42.86,42.86,42.86,42.86,42.86,35.71,7.14,64.29,42.86,42.86,21.43,42.86,42.86,35.71,42.86,42.86,42.86,21.43,42.86,21.43,42.86,35.71,21.43,21.43,21.43,21.43,21.43,85.71,42.86,42.86
https://www.enkor24.ru/product/103436-trimmer-akkumulyatornyj-makita-dur181rf,42.86,7.14,85.71,85.71,7.14,85.71,14.29,7.14,21.43,42.86,42.86,42.86,85.71,35.71,14.29,35.71,35.71,7.14,35.71,35.71,14.29,14.29,42.86,35.71,35.71,64.29,42.86,85.71,35.71,85.71,85.71,42.86,42.86,42.86,42.86,35.71,7.14,14.29,100,85.71,85.71,85.71,35.71,35.71,35.71,42.86,85.71,85.71,85.71,14.29,42.86,57.14,21.43,14.29,14.29,42.86,85.71,35.71,42.86,42.86
https://www.enkor24.ru/product/108564-trimmer-akkumulyatornyj-greenworks-g40lt30-21107,42.86,7.14,42.86,42.86,7.14,42.86,14.29,7.14,21.43,42.86,42.86,42.86,42.86,42.86,14.29,64.29,100,7.14,35.71,42.86,14.29,14.29,42.86,35.71,42.86,42.86,42.86,42.86,57.14,42.86,42.86,42.86,42.86,42.86,42.86,100,7.14,21.43,42.86,42.86,21.43,42.86,42.86,100,64.29,42.86,42.86,21.43,42.86,21.43,42.86,85.71,21.43,21.43,21.43,21.43,21.43,42.86,42.86,42.86
https://www.enkor24.ru/product/109009-trimmer-akkumulyatornyj-makita-dur190uzx3,42.86,7.14,85.71,85.71,7.14,85.71,14.29,7.14,21.43,42.86,42.86,42.86,85.71,35.71,14.29,35.71,35.71,7.14,35.71,35.71,14.29,14.29,42.86,35.71,35.71,64.29,42.86,85.71,35.71,85.71,85.71,42.86,42.86,42.86,42.86,35.71,7.14,14.29,100,85.71,85.71,85.71,35.71,35.71,35.71,42.86,85.71,85.71,85.71,14.29,42.86,57.14,21.43,14.29,14.29,42.86,85.71,35.71,42.86,42.86
https://www.enkor24.ru/product/91191-akkumulyatornyj-trimmer-stihl-fsa-90-4863-200-0053,42.86,7.14,42.86,42.86,7.14,42.86,14.29,7.14,21.43,42.86,42.86,42.86,42.86,85.71,14.29,42.86,35.71,7.14,35.71,42.86,14.29,14.29,42.86,57.14,85.71,42.86,42.86,42.86,35.71,42.86,42.86,42.86,42.86,42.86,42.86,35.71,7.14,64.29,42.86,42.86,21.43,42.86,42.86,35.71,42.86,42.86,42.86,21.43,42.86,21.43,42.86,35.71,21.43,21.43,21.43,21.43,21.43,85.71,42.86,42.86
https://www.enkor24.ru/product/109239-trimmer-akkumulyatornyj-patriot-tr-235-li-21v-ues-250205235,42.86,7.14,42.86,42.86,7.14,42.86,14.29,7.14,21.43,42.86,42.86,42.86,42.86,35.71,14.29,35.71,35.71,7.14,35.71,100,14.29,14.29,42.86,35.71,35.71,42.86,42.86,42.86,35.71,42.86,42.86,42.86,64.29,42.86,64.29,35.71,7.14,14.29,42.86,42.86,21.43,42.86,42.86,35.71,35.71,42.86,42.86,21.43,42.86,14.29,42.86,35.71,21.43,14.29,14.29,21.43,21.43,35.71,42.86,42.86
https://www.enkor24.ru/product/112346-trimmer-akkumulyatornyj-stihl-fsa-60-r-fa04-011-5704,42.86,7.14,42.86,42.86,7.14,42.86,14.29,7.14,21.43,42.86,42.86,42.86,42.86,85.71,14.29,42.86,35.71,7.14,35.71,42.86,14.29,14.29,42.86,57.14,85.71,42.86,42.86,42.86,35.71,42.86,42.86,42.86,42.86,42.86,42.86,35.71,7.14,64.29,42.86,42.86,21.43,42.86,42.86,35.71,42.86,42.86,42.86,21.43,42.86,21.43,42.86,35.71,21.43,21.43,21.43,21.43,21.43,85.71,42.86,42.86
https://www.enkor24.ru/product/96170-akkumulyatornyj-trimmer-gardena-smallcut-li-23r-09822-20-000-00,42.86,7.14,35.71,35.71,7.14,35.71,14.29,7.14,64.29,85.71,85.71,42.86,35.71,35.71,14.29,35.71,35.71,7.14,35.71,35.71,14.29,14.29,42.86,35.71,35.71,42.86,42.86,35.71,35.71,35.71,35.71,42.86,42.86,42.86,42.86,35.71,7.14,14.29,35.71,35.71,14.29,35.71,35.71,35.71,35.71,42.86,35.71,14.29,35.71,14.29,42.86,35.71,21.43,14.29,14.29,64.29,14.29,35.71,42.86,42.86
https://www.enkor24.ru/product/104023-trimmer-akkumulyatornyj-patriot-tr-240-li-21v-max-ues-250205240,42.86,7.14,42.86,42.86,7.14,42.86,14.29,7.14,21.43,42.86,42.86,42.86,42.86,35.71,14.29,35.71,35.71,7.14,35.71,100,14.29,14.29,42.86,35.71,35.71,42.86,42.86,42.86,35.71,42.86,42.86,42.86,64.29,42.86,64.29,35.71,7.14,14.29,42.86,42.86,21.43,42.86,42.86,35.71,35.71,42.86,42.86,21.43,42.86,14.29,42.86,35.71,21.43,14.29,14.29,21.43,21.43,35.71,42.86,42.86
https://www.enkor24.ru/product/108545-akkumulyatornyj-trimmer-greenworks-g24lt25-24-v-2107207,42.86,7.14,42.86,42.86,7.14,42.86,14.29,7.14,21.43,42.86,42.86,42.86,42.86,35.71,14.29,100,57.14,7.14,35.71,42.86,14.29,14.29,42.86,35.71,35.71,42.86,42.86,42.86,57.14,42.86,42.86,42.86,42.86,42.86,42.86,57.14,7.14,14.29,42.86,42.86,21.43,42.86,42.86,57.14,100,42.86,42.86,21.43,42.86,64.29,42.86,35.71,21.43,64.29,64.29,21.43,21.43,35.71,42.86,42.86
https://www.enkor24.ru/product/108565-trimmer-akkumulyatornyj-greenworks-g40lt30-21107va,42.86,7.14,42.86,42.86,7.14,42.86,14.29,7.14,21.43,42.86,42.86,42.86,42.86,42.86,14.29,64.29,100,7.14,35.71,42.86,14.29,14.29,42.86,35.71,42.86,42.86,42.86,42.86,57.14,42.86,42.86,42.86,42.86,42.86,42.86,100,7.14,21.43,42.86,42.86,21.43,42.86,42.86,100,64.29,42.86,42.86,21.43,42.86,21.43,42.86,85.71,21.43,21.43,21.43,21.43,21.43,42.86,42.86,42.86
https://www.enkor24.ru/product/114408-trimmer-akkumulyatornyj-makita-lxt-bl-18-v-dur192lz,42.86,7.14,85.71,85.71,7.14,85.71,14.29,7.14,21.43,42.86,42.86,42.86,85.71,35.71,14.29,35.71,35.71,7.14,35.71,35.71,14.29,14.29,42.86,35.71,35.71,64.29,42.86,85.71,35.71,85.71,85.71,42.86,42.86,42.86,42.86,35.71,7.14,14.29,100,85.71,85.71,85.71,35.71,35.71,35.71,42.86,85.71,85.71,85.71,14.29,42.86,57.14,21.43,14.29,14.29,42.86,85.71,35.71,42.86,42.86
https://www.enkor24.ru/product/114409-akkumulyatornyj-trimmer-makita-dur181z,42.86,7.14,85.71,85.71,7.14,85.71,14.29,7.14,21.43,42.86,42.86,42.86,85.71,35.71,14.29,35.71,35.71,7.14,35.71,35.71,14.29,14.29,42.86,35.71,35.71,64.29,42.86,85.71,35.71,85.71,85.71,42.86,42.86,42.86,42.86,35.71,7.14,14.29,100,85.71,85.71,85.71,35.71,35.71,35.71,42.86,85.71,85.71,85.71,14.29,42.86,57.14,21.43,14.29,14.29,42.86,85.71,35.71,42.86,42.86
https://www.enkor24.ru/product/59298-akkumulyatornyj-trimmer-gardena-easycut-li-18-23-r-09823-20-000-00,42.86,7.14,85.71,85.71,7.14,85.71,14.29,7.14,21.43,42.86,42.86,42.86,85.71,35.71,14.29,35.71,35.71,7.14,35.71,35.71,14.29,14.29,42.86,35.71,35.71,42.86,42.86,85.71,35.71,85.71,85.71,42.86,42.86,42.86,42.86,35.71,7.14,14.29,85.71,85.71,64.29,85.71,35.71,35.71,35.71,42.86,85.71,64.29,85.71,14.29,42.86,35.71,21.43,14.29,14.29,21.43,64.29,35.71,42.86,42.86
https://www.enkor24.ru/product/98267-trimmer-akkumulyatornyj-stihl-fsa-56-4522-011-5704,42.86,7.14,42.86,42.86,7.14,42.86,14.29,7.14,21.43,42.86,42.86,42.86,42.86,85.71,14.29,42.86,35.71,7.14,35.71,42.86,14.29,14.29,42.86,57.14,85.71,42.86,42.86,42.86,35.71,42.86,42.86,42.86,42.86,42.86,42.86,35.71,7.14,64.29,42.86,42.86,21.43,42.86,42.86,35.71,42.86,42.86,42.86,21.43,42.86,21.43,42.86,35.71,21.43,21.43,21.43,21.43,21.43,85.71,42.86,42.86
https://www.enkor24.ru/product/109737-trimmer-karcher-ltr-18-25-battery-1-444-300,42.86,7.14,85.71,85.71,7.14,85.71,14.29,7.14,21.43,42.86,42.86,42.86,85.71,35.71,14.29,35.71,35.71,7.14,35.71,35.71,14.29,14.29,42.86,35.71,35.71,42.86,42.86,85.71,35.71,85.71,85.71,42.86,42.86,42.86,42.86,35.71,28.57,14.29,85.71,85.71,64.29,85.71,35.71,35.71,35.71,42.86,85.71,64.29,85.71,14.29,42.86,35.71,21.43,14.29,14.29,21.43,64.29,35.71,42.86,42.86
https://www.enkor24.ru/product/110174-akkumulyatornyj-trimmer-husqvarna-115il-akb-i-zu-9670988-02,42.86,7.14,42.86,42.86,7.14,42.86,14.29,7.14,21.43,42.86,42.86,42.86,42.86,64.29,14.29,42.86,35.71,7.14,35.71,42.86,14.29,14.29,42.86,35.71,64.29,42.86,42.86,42.86,35.71,42.86,42.86,42.86,42.86,42.86,42.86,35.71,7.14,21.43,42.86,42.86,21.43,42.86,42.86,35.71,42.86,42.86,42.86,21.43,42.86,21.43,42.86,35.71,21.43,21.43,21.43,21.43,21.43,42.86,42.86,42.86
https://www.enkor24.ru/product/103840-akkumulyatornyj-trimmer-bosch-universalgrasscut-18-260-0-600-8c1-d00,42.86,7.14,85.71,85.71,7.14,85.71,14.29,7.14,21.43,42.86,42.86,42.86,100,35.71,14.29,35.71,35.71,28.57,35.71,35.71,14.29,14.29,64.29,35.71,35.71,42.86,42.86,100,35.71,100,100,42.86,42.86,64.29,42.86,35.71,7.14,14.29,85.71,85.71,64.29,85.71,35.71,35.71,35.71,64.29,100,64.29,100,35.71,64.29,35.71,21.43,35.71,35.71,21.43,64.29,57.14,42.86,64.29
https://www.enkor24.ru/product/97672-akkumulyatornyj-trimmer-dewalt-dcm561p1s-qw,42.86,7.14,85.71,85.71,7.14,85.71,14.29,7.14,21.43,42.86,42.86,42.86,85.71,35.71,14.29,35.71,35.71,7.14,57.14,35.71,14.29,14.29,42.86,35.71,35.71,42.86,42.86,85.71,35.71,85.71,85.71,42.86,42.86,42.86,42.86,35.71,7.14,14.29,85.71,100,64.29,85.71,35.71,35.71,35.71,42.86,85.71,64.29,85.71,14.29,42.86,35.71,21.43,14.29,14.29,21.43,64.29,35.71,42.86,42.86
https://www.enkor24.ru/product/112901-trimmer-akkumulyatornyj-makita-dur368az,42.86,7.14,42.86,42.86,7.14,42.86,14.29,7.14,21.43,42.86,42.86,42.86,42.86,85.71,14.29,42.86,35.71,7.14,35.71,42.86,14.29,14.29,42.86,35.71,85.71,64.29,42.86,42.86,35.71,42.86,42.86,42.86,42.86,42.86,42.86,35.71,7.14,64.29,64.29,42.86,42.86,42.86,42.86,35.71,42.86,42.86,42.86,42.86,42.86,21.43,42.86,57.14,21.43,21.43,21.43,42.86,42.86,85.71,42.86,42.86
https://www.enkor24.ru/product/58617-nasadka-trimmer-enkor-accumaster-akm3611-dlya-akm3610,42.86,28.57,42.86,42.86,28.57,42.86,35.71,28.57,42.86,42.86,42.86,42.86,21.43,21.43,14.29,21.43,21.43,7.14,21.43,21.43,14.29,14.29,21.43,14.29,21.43,21.43,21.43,21.43,21.43,21.43,21.43,21.43,21.43,21.43,21.43,21.43,7.14,21.43,21.43,21.43,21.43,21.43,21.43,21.43,21.43,21.43,21.43,21.43,21.43,21.43,21.43,21.43,21.43,21.43,21.43,21.43,21.43,21.43,21.43,21.43
https://www.enkor24.ru/product/59102-akkumulyatornyj-trimmer-ryobi-olt1831s-one-3002162,21.43,7.14,64.29,64.29,7.14,64.29,14.29,7.14,21.43,21.43,21.43,21.43,64.29,14.29,14.29,14.29,14.29,7.14,14.29,14.29,14.29,14.29,21.43,14.29,14.29,21.43,21.43,64.29,14.29,64.29,64.29,21.43,21.43,21.43,21.43,14.29,7.14,14.29,64.29,64.29,64.29,64.29,14.29,14.29,14.29,21.43,64.29,64.29,64.29,14.29,21.43,14.29,21.43,14.29,14.29,21.43,64.29,14.29,21.43,21.43
https://www.enkor24.ru/product/114666-akkumulyatornyj-trimmer-makita-dur182lz,42.86,7.14,85.71,85.71,7.14,85.71,14.29,7.14,21.43,42.86,42.86,42.86,85.71,35.71,14.29,35.71,35.71,7.14,35.71,35.71,14.29,14.29,42.86,35.71,35.71,64.29,42.86,85.71,35.71,85.71,85.71,42.86,42.86,42.86,42.86,35.71,7.14,14.29,100,85.71,85.71,85.71,35.71,35.71,35.71,42.86,85.71,85.71,85.71,14.29,42.86,57.14,21.43,14.29,14.29,42.86,85.71,35.71,42.86,42.86
https://www.enkor24.ru/product/114668-trimmer-akkumulyatornyj-makita-dur365uz,42.86,7.14,85.71,85.71,7.14,85.71,14.29,7.14,21.43,42.86,42.86,42.86,85.71,35.71,14.29,35.71,35.71,7.14,35.71,35.71,14.29,14.29,42.86,35.71,35.71,64.29,42.86,85.71,35.71,85.71,85.71,42.86,42.86,42.86,42.86,35.71,7.14,14.29,100,85.71,85.71,85.71,35.71,35.71,35.71,42.86,85.71,85.71,85.71,14.29,42.86,57.14,21.43,14.29,14.29,42.86,85.71,35.71,42.86,42.86
https://www.enkor24.ru/product/114693-trimmer-akkumulyatornyj-makita-dur-187-l-z,42.86,7.14,85.71,85.71,7.14,85.71,14.29,7.14,21.43,42.86,42.86,42.86,85.71,35.71,14.29,35.71,35.71,7.14,35.71,35.71,14.29,14.29,42.86,35.71,35.71,64.29,42.86,85.71,35.71,85.71,85.71,42.86,42.86,42.86,42.86,35.71,7.14,14.29,100,85.71,85.71,85.71,35.71,35.71,35.71,42.86,85.71,85.71,85.71,14.29,42.86,57.14,21.43,14.29,14.29,42.86,85.71,35.71,42.86,42.86
https://www.enkor24.ru/product/114667-trimmer-akkumulyatornyj-makita-dur364lz,42.86,7.14,85.71,85.71,7.14,85.71,14.29,7.14,21.43,42.86,42.86,42.86,85.71,35.71,14.29,35.71,35.71,7.14,35.71,35.71,14.29,14.29,42.86,35.71,35.71,64.29,42.86,85.71,35.71,85.71,85.71,42.86,42.86,42.86,42.86,35.71,7.14,14.29,100,85.71,85.71,85.71,35.71,35.71,35.71,42.86,85.71,85.71,85.71,14.29,42.86,57.14,21.43,14.29,14.29,42.86,85.71,35.71,42.86,42.86
https://www.enkor24.ru/product/114695-trimmer-akkumulyatornyj-makita-dur-184-l-z,42.86,7.14,85.71,85.71,7.14,85.71,14.29,7.14,21.43,42.86,42.86,42.86,85.71,35.71,14.29,35.71,35.71,7.14,35.71,35.71,14.29,14.29,42.86,35.71,35.71,64.29,42.86,85.71,35.71,85.71,85.71,42.86,42.86,42.86,42.86,35.71,7.14,14.29,100,85.71,85.71,85.71,35.71,35.71,35.71,42.86,85.71,85.71,85.71,14.29,42.86,57.14,21.43,14.29,14.29,42.86,85.71,35.71,42.86,42.86
https://www.enkor24.ru/product/108109-akkumulyatornyj-trimmer-bosch-easygrasscut-18-26-0-600-8c1-c00,42.86,7.14,85.71,85.71,7.14,85.71,14.29,7.14,21.43,42.86,42.86,42.86,100,35.71,14.29,35.71,35.71,28.57,35.71,35.71,14.29,14.29,64.29,35.71,35.71,42.86,42.86,100,35.71,100,100,42.86,42.86,64.29,42.86,35.71,7.14,14.29,85.71,85.71,64.29,85.71,35.71,35.71,35.71,64.29,100,64.29,100,35.71,64.29,35.71,21.43,35.71,35.71,21.43,64.29,57.14,42.86,64.29
https://www.enkor24.ru/product/77268-akkumulyatornyj-trimmer-husqvarna-536-lirx-9673267-11,21.43,7.14,21.43,21.43,7.14,21.43,14.29,7.14,21.43,21.43,21.43,21.43,21.43,42.86,14.29,21.43,21.43,7.14,21.43,21.43,14.29,14.29,21.43,14.29,42.86,21.43,21.43,21.43,21.43,21.43,21.43,21.43,21.43,21.43,21.43,21.43,7.14,21.43,21.43,21.43,21.43,21.43,21.43,21.43,21.43,21.43,21.43,21.43,21.43,21.43,21.43,21.43,21.43,21.43,21.43,21.43,21.43,21.43,21.43,21.43
